agency,site,date_time,qual_code,timezone,flow,wuql_code,comments
USGS,conoco,2017-05-01,A,EST,596,NA,NA
USGS,conoco,2017-05-02,A,EST,555,NA,NA
USGS,conoco,2017-05-03,A,EST,517,NA,NA
USGS,conoco,2017-05-04,A,EST,501,NA,NA
USGS,conoco,2017-05-05,A,EST,475,NA,NA
USGS,conoco,2017-05-06,A,EST,450,NA,NA
USGS,conoco,2017-05-07,A,EST,435,NA,NA
USGS,conoco,2017-05-08,A,EST,780,NA,NA
USGS,conoco,2017-05-09,A,EST,984,NA,NA
USGS,conoco,2017-05-10,A,EST,702,NA,NA
USGS,conoco,2017-05-11,A,EST,590,NA,NA
USGS,conoco,2017-05-12,A,EST,527,NA,NA
USGS,conoco,2017-05-13,A,EST,552,NA,NA
USGS,conoco,2017-05-14,A,EST,555,NA,NA
USGS,conoco,2017-05-15,A,EST,470,NA,NA
USGS,conoco,2017-05-16,A,EST,429,NA,NA
USGS,conoco,2017-05-17,A,EST,404,NA,NA
USGS,conoco,2017-05-18,A,EST,384,NA,NA
USGS,conoco,2017-05-19,A,EST,369,NA,NA
USGS,conoco,2017-05-20,A,EST,345,NA,NA
USGS,conoco,2017-05-21,A,EST,319,NA,NA
USGS,conoco,2017-05-22,A,EST,304,NA,NA
USGS,conoco,2017-05-23,A,EST,310,NA,NA
USGS,conoco,2017-05-24,A,EST,325,NA,NA
USGS,conoco,2017-05-25,A,EST,315,NA,NA
USGS,conoco,2017-05-26,A,EST,284,NA,NA
USGS,conoco,2017-05-27,A,EST,263,NA,NA
USGS,conoco,2017-05-28,A,EST,247,NA,NA
USGS,conoco,2017-05-29,A,EST,233,NA,NA
USGS,conoco,2017-05-30,A,EST,220,NA,NA
USGS,conoco,2017-05-31,A,EST,206,NA,NA
USGS,conoco,2017-06-01,A,EST,200,NA,NA
USGS,conoco,2017-06-02,A,EST,208,NA,NA
USGS,conoco,2017-06-03,A,EST,312,NA,NA
USGS,conoco,2017-06-04,A,EST,284,NA,NA
USGS,conoco,2017-06-05,A,EST,223,NA,NA
USGS,conoco,2017-06-06,A,EST,200,NA,NA
USGS,conoco,2017-06-07,A,EST,189,NA,NA
USGS,conoco,2017-06-08,A,EST,183,NA,NA
USGS,conoco,2017-06-09,A,EST,175,NA,NA
USGS,conoco,2017-06-10,A,EST,169,NA,NA
USGS,conoco,2017-06-11,A,EST,159,NA,NA
USGS,conoco,2017-06-12,A,EST,156,NA,NA
USGS,conoco,2017-06-13,A,EST,154,NA,NA
USGS,conoco,2017-06-14,A,EST,158,NA,NA
USGS,conoco,2017-06-15,A,EST,188,NA,NA
USGS,conoco,2017-06-16,A,EST,163,NA,NA
USGS,conoco,2017-06-17,A,EST,163,NA,NA
USGS,conoco,2017-06-18,A,EST,221,NA,NA
USGS,conoco,2017-06-19,A,EST,186,NA,NA
USGS,conoco,2017-06-20,A,EST,165,NA,NA
USGS,conoco,2017-06-21,A,EST,160,NA,NA
USGS,conoco,2017-06-22,A,EST,156,NA,NA
USGS,conoco,2017-06-23,A,EST,149,NA,NA
USGS,conoco,2017-06-24,A,EST,137,NA,NA
USGS,conoco,2017-06-25,A,EST,129,NA,NA
USGS,conoco,2017-06-26,A,EST,125,NA,NA
USGS,conoco,2017-06-27,A,EST,120,NA,NA
USGS,conoco,2017-06-28,A,EST,134,NA,NA
USGS,conoco,2017-06-29,A,EST,136,NA,NA
USGS,conoco,2017-06-30,A,EST,127,NA,NA
USGS,conoco,2017-07-01,A,EST,126,NA,NA
USGS,conoco,2017-07-02,A,EST,182,NA,NA
USGS,conoco,2017-07-03,A,EST,184,NA,NA
USGS,conoco,2017-07-04,A,EST,150,NA,NA
USGS,conoco,2017-07-05,A,EST,131,NA,NA
USGS,conoco,2017-07-06,A,EST,120,NA,NA
USGS,conoco,2017-07-07,A,EST,111,NA,NA
USGS,conoco,2017-07-08,A,EST,105,NA,NA
USGS,conoco,2017-07-09,A,EST,99,NA,NA
USGS,conoco,2017-07-10,A,EST,100,NA,NA
USGS,conoco,2017-07-11,A,EST,101,NA,NA
USGS,conoco,2017-07-12,A,EST,102,NA,NA
USGS,conoco,2017-07-13,A,EST,96,NA,NA
USGS,conoco,2017-07-14,A,EST,97,NA,NA
USGS,conoco,2017-07-15,A,EST,97,NA,NA
USGS,conoco,2017-07-16,A,EST,101,NA,NA
USGS,conoco,2017-07-17,A,EST,91,NA,NA
USGS,conoco,2017-07-18,A,EST,80,NA,NA
USGS,conoco,2017-07-19,A,EST,83,NA,NA
USGS,conoco,2017-07-20,A,EST,84,NA,NA
USGS,conoco,2017-07-21,A,EST,86,NA,NA
USGS,conoco,2017-07-22,A,EST,103,NA,NA
USGS,conoco,2017-07-23,A,EST,100,NA,NA
USGS,conoco,2017-07-24,A,EST,96,NA,NA
USGS,conoco,2017-07-25,A,EST,104,NA,NA
USGS,conoco,2017-07-26,A,EST,104,NA,NA
USGS,conoco,2017-07-27,A,EST,93,NA,NA
USGS,conoco,2017-07-28,A,EST,90,NA,NA
USGS,conoco,2017-07-29,A,EST,89,NA,NA
USGS,conoco,2017-07-30,A,EST,84,NA,NA
USGS,conoco,2017-07-31,A,EST,83,NA,NA
USGS,conoco,2017-08-01,A,EST,105,NA,NA
USGS,conoco,2017-08-02,A,EST,114,NA,NA
USGS,conoco,2017-08-03,A,EST,96,NA,NA
USGS,conoco,2017-08-04,A,EST,89,NA,NA
USGS,conoco,2017-08-05,A,EST,86,NA,NA
USGS,conoco,2017-08-06,A,EST,80,NA,NA
USGS,conoco,2017-08-07,A,EST,76,NA,NA
USGS,conoco,2017-08-08,A,EST,76,NA,NA
USGS,conoco,2017-08-09,A,EST,82,NA,NA
USGS,conoco,2017-08-10,A,EST,78,NA,NA
USGS,conoco,2017-08-11,A,EST,75,NA,NA
USGS,conoco,2017-08-12,A,EST,76,NA,NA
USGS,conoco,2017-08-13,A,EST,73,NA,NA
USGS,conoco,2017-08-14,A,EST,71,NA,NA
USGS,conoco,2017-08-15,A,EST,70,NA,NA
USGS,conoco,2017-08-16,A,EST,82,NA,NA
USGS,conoco,2017-08-17,A,EST,72,NA,NA
USGS,conoco,2017-08-18,A,EST,68,NA,NA
USGS,conoco,2017-08-19,A,EST,66,NA,NA
USGS,conoco,2017-08-20,A,EST,84,NA,NA
USGS,conoco,2017-08-21,A,EST,174,NA,NA
USGS,conoco,2017-08-22,A,EST,142,NA,NA
USGS,conoco,2017-08-23,A,EST,105,NA,NA
USGS,conoco,2017-08-24,A,EST,97,NA,NA
USGS,conoco,2017-08-25,A,EST,151,NA,NA
USGS,conoco,2017-08-26,A,EST,168,NA,NA
USGS,conoco,2017-08-27,A,EST,168,NA,NA
USGS,conoco,2017-08-28,A,EST,148,NA,NA
USGS,conoco,2017-08-29,A,EST,133,NA,NA
USGS,conoco,2017-08-30,A,EST,114,NA,NA
USGS,conoco,2017-08-31,A,EST,100,NA,NA
USGS,conoco,2017-09-01,A,EST,93,NA,NA
USGS,goose,2017-05-01,A,EST,152,NA,NA
USGS,goose,2017-05-02,A,EST,142,NA,NA
USGS,goose,2017-05-03,A,EST,135,NA,NA
USGS,goose,2017-05-04,A,EST,137,NA,NA
USGS,goose,2017-05-05,A,EST,132,NA,NA
USGS,goose,2017-05-06,A,EST,124,NA,NA
USGS,goose,2017-05-07,A,EST,124,NA,NA
USGS,goose,2017-05-08,A,EST,214,NA,NA
USGS,goose,2017-05-09,A,EST,259,NA,NA
USGS,goose,2017-05-10,A,EST,158,NA,NA
USGS,goose,2017-05-11,A,EST,127,NA,NA
USGS,goose,2017-05-12,A,EST,114,NA,NA
USGS,goose,2017-05-13,A,EST,105,NA,NA
USGS,goose,2017-05-14,A,EST,100,NA,NA
USGS,goose,2017-05-15,A,EST,97,NA,NA
USGS,goose,2017-05-16,A,EST,91,NA,NA
USGS,goose,2017-05-17,A,EST,86,NA,NA
USGS,goose,2017-05-18,A,EST,84,NA,NA
USGS,goose,2017-05-19,A,EST,82,NA,NA
USGS,goose,2017-05-20,A,EST,78,NA,NA
USGS,goose,2017-05-21,A,EST,72,NA,NA
USGS,goose,2017-05-22,A,EST,71,NA,NA
USGS,goose,2017-05-23,A,EST,128,NA,NA
USGS,goose,2017-05-24,A,EST,172,NA,NA
USGS,goose,2017-05-25,A,EST,136,NA,NA
USGS,goose,2017-05-26,A,EST,94,NA,NA
USGS,goose,2017-05-27,A,EST,78,NA,NA
USGS,goose,2017-05-28,A,EST,69,NA,NA
USGS,goose,2017-05-29,A,EST,63,NA,NA
USGS,goose,2017-05-30,A,EST,59,NA,NA
USGS,goose,2017-05-31,A,EST,55,NA,NA
USGS,goose,2017-06-01,A,EST,52,NA,NA
USGS,goose,2017-06-02,A,EST,50,NA,NA
USGS,goose,2017-06-03,A,EST,45,NA,NA
USGS,goose,2017-06-04,A,EST,40,NA,NA
USGS,goose,2017-06-05,A,EST,36,NA,NA
USGS,goose,2017-06-06,A,EST,33,NA,NA
USGS,goose,2017-06-07,A,EST,29,NA,NA
USGS,goose,2017-06-08,A,EST,27,NA,NA
USGS,goose,2017-06-09,A,EST,23,NA,NA
USGS,goose,2017-06-10,A,EST,21,NA,NA
USGS,goose,2017-06-11,A,EST,18,NA,NA
USGS,goose,2017-06-12,A,EST,17,NA,NA
USGS,goose,2017-06-13,A,EST,16,NA,NA
USGS,goose,2017-06-14,A,EST,18,NA,NA
USGS,goose,2017-06-15,A,EST,26,NA,NA
USGS,goose,2017-06-16,A,EST,22,NA,NA
USGS,goose,2017-06-17,A,EST,19,NA,NA
USGS,goose,2017-06-18,A,EST,20,NA,NA
USGS,goose,2017-06-19,A,EST,19,NA,NA
USGS,goose,2017-06-20,A,EST,20,NA,NA
USGS,goose,2017-06-21,A,EST,24,NA,NA
USGS,goose,2017-06-22,A,EST,26,NA,NA
USGS,goose,2017-06-23,A,EST,23,NA,NA
USGS,goose,2017-06-24,A,EST,20,NA,NA
USGS,goose,2017-06-25,A,EST,17,NA,NA
USGS,goose,2017-06-26,A,EST,15,NA,NA
USGS,goose,2017-06-27,A,EST,13,NA,NA
USGS,goose,2017-06-28,A,EST,13,NA,NA
USGS,goose,2017-06-29,A,EST,20,NA,NA
USGS,goose,2017-06-30,A,EST,23,NA,NA
USGS,goose,2017-07-01,A,EST,16,NA,NA
USGS,goose,2017-07-02,A,EST,13,NA,NA
USGS,goose,2017-07-03,A,EST,13,NA,NA
USGS,goose,2017-07-04,A,EST,14,NA,NA
USGS,goose,2017-07-05,A,EST,10,NA,NA
USGS,goose,2017-07-06,A,EST,8.9,NA,NA
USGS,goose,2017-07-07,A,EST,7.1,NA,NA
USGS,goose,2017-07-08,A,EST,6,NA,NA
USGS,goose,2017-07-09,A,EST,4.8,NA,NA
USGS,goose,2017-07-10,A,EST,4.6,NA,NA
USGS,goose,2017-07-11,A,EST,4.3,NA,NA
USGS,goose,2017-07-12,A,EST,3.4,NA,NA
USGS,goose,2017-07-13,A,EST,3.4,NA,NA
USGS,goose,2017-07-14,A,EST,3,NA,NA
USGS,goose,2017-07-15,A,EST,2.9,NA,NA
USGS,goose,2017-07-16,A,EST,3.2,NA,NA
USGS,goose,2017-07-17,A,EST,2.9,NA,NA
USGS,goose,2017-07-18,A,EST,2.6,NA,NA
USGS,goose,2017-07-19,A,EST,2.3,NA,NA
USGS,goose,2017-07-20,A,EST,2.2,NA,NA
USGS,goose,2017-07-21,A,EST,2.4,NA,NA
USGS,goose,2017-07-22,A,EST,5.4,NA,NA
USGS,goose,2017-07-23,A,EST,3.7,NA,NA
USGS,goose,2017-07-24,A,EST,4.3,NA,NA
USGS,goose,2017-07-25,A,EST,14,NA,NA
USGS,goose,2017-07-26,A,EST,17,NA,NA
USGS,goose,2017-07-27,A,EST,8.6,NA,NA
USGS,goose,2017-07-28,A,EST,5.1,NA,NA
USGS,goose,2017-07-29,A,EST,3.3,NA,NA
USGS,goose,2017-07-30,A,EST,4.1,NA,NA
USGS,goose,2017-07-31,A,EST,4.8,NA,NA
USGS,goose,2017-08-01,A,EST,3.4,NA,NA
USGS,goose,2017-08-02,A,EST,2.8,NA,NA
USGS,goose,2017-08-03,A,EST,2,NA,NA
USGS,goose,2017-08-04,A,EST,1.4,NA,NA
USGS,goose,2017-08-05,A,EST,1,NA,NA
USGS,goose,2017-08-06,A,EST,0.9,NA,NA
USGS,goose,2017-08-07,A,EST,0.78,NA,NA
USGS,goose,2017-08-08,A,EST,0.82,NA,NA
USGS,goose,2017-08-09,A,EST,0.79,NA,NA
USGS,goose,2017-08-10,A,EST,0.66,NA,NA
USGS,goose,2017-08-11,A,EST,0.61,NA,NA
USGS,goose,2017-08-12,A,EST,0.58,NA,NA
USGS,goose,2017-08-13,A,EST,0.55,NA,NA
USGS,goose,2017-08-14,A,EST,1.4,NA,NA
USGS,goose,2017-08-15,A,EST,3.1,NA,NA
USGS,goose,2017-08-16,A,EST,2.4,NA,NA
USGS,goose,2017-08-17,A,EST,2.5,NA,NA
USGS,goose,2017-08-18,A,EST,1.9,NA,NA
USGS,goose,2017-08-19,A,EST,2.7,NA,NA
USGS,goose,2017-08-20,A,EST,2.5,NA,NA
USGS,goose,2017-08-21,A,EST,2,NA,NA
USGS,goose,2017-08-22,A,EST,1.7,NA,NA
USGS,goose,2017-08-23,A,EST,1.7,NA,NA
USGS,goose,2017-08-24,A,EST,1.7,NA,NA
USGS,goose,2017-08-25,A,EST,2,NA,NA
USGS,goose,2017-08-26,A,EST,2.5,NA,NA
USGS,goose,2017-08-27,A,EST,33,NA,NA
USGS,goose,2017-08-28,A,EST,16,NA,NA
USGS,goose,2017-08-29,A,EST,7.2,NA,NA
USGS,goose,2017-08-30,A,EST,5.1,NA,NA
USGS,goose,2017-08-31,A,EST,3.8,NA,NA
USGS,goose,2017-09-01,A,EST,2.9,NA,NA
USGS,mon_jug,2017-05-01,A,EST,475,NA,NA
USGS,mon_jug,2017-05-02,A,EST,445,NA,NA
USGS,mon_jug,2017-05-03,A,EST,422,NA,NA
USGS,mon_jug,2017-05-04,A,EST,407,NA,NA
USGS,mon_jug,2017-05-05,A,EST,386,NA,NA
USGS,mon_jug,2017-05-06,A,EST,357,NA,NA
USGS,mon_jug,2017-05-07,A,EST,345,NA,NA
USGS,mon_jug,2017-05-08,A,EST,441,NA,NA
USGS,mon_jug,2017-05-09,A,EST,804,NA,NA
USGS,mon_jug,2017-05-10,A,EST,535,NA,NA
USGS,mon_jug,2017-05-11,A,EST,405,NA,NA
USGS,mon_jug,2017-05-12,A,EST,358,NA,NA
USGS,mon_jug,2017-05-13,A,EST,336,NA,NA
USGS,mon_jug,2017-05-14,A,EST,399,NA,NA
USGS,mon_jug,2017-05-15,A,EST,348,NA,NA
USGS,mon_jug,2017-05-16,A,EST,304,NA,NA
USGS,mon_jug,2017-05-17,A,EST,283,NA,NA
USGS,mon_jug,2017-05-18,A,EST,274,NA,NA
USGS,mon_jug,2017-05-19,A,EST,264,NA,NA
USGS,mon_jug,2017-05-20,A,EST,256,NA,NA
USGS,mon_jug,2017-05-21,A,EST,240,NA,NA
USGS,mon_jug,2017-05-22,A,EST,225,NA,NA
USGS,mon_jug,2017-05-23,A,EST,261,NA,NA
USGS,mon_jug,2017-05-24,A,EST,327,NA,NA
USGS,mon_jug,2017-05-25,A,EST,335,NA,NA
USGS,mon_jug,2017-05-26,A,EST,292,NA,NA
USGS,mon_jug,2017-05-27,A,EST,236,NA,NA
USGS,mon_jug,2017-05-28,A,EST,208,NA,NA
USGS,mon_jug,2017-05-29,A,EST,189,NA,NA
USGS,mon_jug,2017-05-30,A,EST,179,NA,NA
USGS,mon_jug,2017-05-31,A,EST,167,NA,NA
USGS,mon_jug,2017-06-01,A,EST,159,NA,NA
USGS,mon_jug,2017-06-02,A,EST,155,NA,NA
USGS,mon_jug,2017-06-03,A,EST,190,NA,NA
USGS,mon_jug,2017-06-04,A,EST,251,NA,NA
USGS,mon_jug,2017-06-05,A,EST,213,NA,NA
USGS,mon_jug,2017-06-06,A,EST,171,NA,NA
USGS,mon_jug,2017-06-07,A,EST,151,NA,NA
USGS,mon_jug,2017-06-08,A,EST,143,NA,NA
USGS,mon_jug,2017-06-09,A,EST,133,NA,NA
USGS,mon_jug,2017-06-10,A,EST,133,NA,NA
USGS,mon_jug,2017-06-11,A,EST,137,NA,NA
USGS,mon_jug,2017-06-12,A,EST,135,NA,NA
USGS,mon_jug,2017-06-13,A,EST,145,NA,NA
USGS,mon_jug,2017-06-14,A,EST,162,NA,NA
USGS,mon_jug,2017-06-15,A,EST,189,NA,NA
USGS,mon_jug,2017-06-16,A,EST,188,NA,NA
USGS,mon_jug,2017-06-17,A,EST,181,NA,NA
USGS,mon_jug,2017-06-18,A,EST,173,NA,NA
USGS,mon_jug,2017-06-19,A,EST,180,NA,NA
USGS,mon_jug,2017-06-20,A,EST,161,NA,NA
USGS,mon_jug,2017-06-21,A,EST,153,NA,NA
USGS,mon_jug,2017-06-22,A,EST,145,NA,NA
USGS,mon_jug,2017-06-23,A,EST,143,NA,NA
USGS,mon_jug,2017-06-24,A,EST,131,NA,NA
USGS,mon_jug,2017-06-25,A,EST,119,NA,NA
USGS,mon_jug,2017-06-26,A,EST,107,NA,NA
USGS,mon_jug,2017-06-27,A,EST,102,NA,NA
USGS,mon_jug,2017-06-28,A,EST,98,NA,NA
USGS,mon_jug,2017-06-29,A,EST,110,NA,NA
USGS,mon_jug,2017-06-30,A,EST,103,NA,NA
USGS,mon_jug,2017-07-01,A,EST,109,NA,NA
USGS,mon_jug,2017-07-02,A,EST,149,NA,NA
USGS,mon_jug,2017-07-03,A,EST,176,NA,NA
USGS,mon_jug,2017-07-04,A,EST,155,NA,NA
USGS,mon_jug,2017-07-05,A,EST,115,NA,NA
USGS,mon_jug,2017-07-06,A,EST,99,NA,NA
USGS,mon_jug,2017-07-07,A,EST,89,NA,NA
USGS,mon_jug,2017-07-08,A,EST,80,NA,NA
USGS,mon_jug,2017-07-09,A,EST,73,NA,NA
USGS,mon_jug,2017-07-10,A,EST,66,NA,NA
USGS,mon_jug,2017-07-11,A,EST,65,NA,NA
USGS,mon_jug,2017-07-12,A,EST,64,NA,NA
USGS,mon_jug,2017-07-13,A,EST,70,NA,NA
USGS,mon_jug,2017-07-14,A,EST,64,NA,NA
USGS,mon_jug,2017-07-15,A,EST,65,NA,NA
USGS,mon_jug,2017-07-16,A,EST,60,NA,NA
USGS,mon_jug,2017-07-17,A,EST,54,NA,NA
USGS,mon_jug,2017-07-18,A,EST,58,NA,NA
USGS,mon_jug,2017-07-19,A,EST,51,NA,NA
USGS,mon_jug,2017-07-20,A,EST,51,NA,NA
USGS,mon_jug,2017-07-21,A,EST,49,NA,NA
USGS,mon_jug,2017-07-22,A,EST,56,NA,NA
USGS,mon_jug,2017-07-23,A,EST,217,NA,NA
USGS,mon_jug,2017-07-24,A,EST,185,NA,NA
USGS,mon_jug,2017-07-25,A,EST,126,NA,NA
USGS,mon_jug,2017-07-26,A,EST,108,NA,NA
USGS,mon_jug,2017-07-27,A,EST,86,NA,NA
USGS,mon_jug,2017-07-28,A,EST,90,NA,NA
USGS,mon_jug,2017-07-29,A,EST,85,NA,NA
USGS,mon_jug,2017-07-30,A,EST,91,NA,NA
USGS,mon_jug,2017-07-31,A,EST,79,NA,NA
USGS,mon_jug,2017-08-01,A,EST,71,NA,NA
USGS,mon_jug,2017-08-02,A,EST,87,NA,NA
USGS,mon_jug,2017-08-03,A,EST,109,NA,NA
USGS,mon_jug,2017-08-04,A,EST,83,NA,NA
USGS,mon_jug,2017-08-05,A,EST,67,NA,NA
USGS,mon_jug,2017-08-06,A,EST,58,NA,NA
USGS,mon_jug,2017-08-07,A,EST,53,NA,NA
USGS,mon_jug,2017-08-08,A,EST,52,NA,NA
USGS,mon_jug,2017-08-09,A,EST,48,NA,NA
USGS,mon_jug,2017-08-10,A,EST,43,NA,NA
USGS,mon_jug,2017-08-11,A,EST,41,NA,NA
USGS,mon_jug,2017-08-12,A,EST,40,NA,NA
USGS,mon_jug,2017-08-13,A,EST,38,NA,NA
USGS,mon_jug,2017-08-14,A,EST,154,NA,NA
USGS,mon_jug,2017-08-15,A,EST,75,NA,NA
USGS,mon_jug,2017-08-16,A,EST,47,NA,NA
USGS,mon_jug,2017-08-17,A,EST,44,NA,NA
USGS,mon_jug,2017-08-18,A,EST,45,NA,NA
USGS,mon_jug,2017-08-19,A,EST,44,NA,NA
USGS,mon_jug,2017-08-20,A,EST,43,NA,NA
USGS,mon_jug,2017-08-21,A,EST,198,NA,NA
USGS,mon_jug,2017-08-22,A,EST,475,NA,NA
USGS,mon_jug,2017-08-23,A,EST,177,NA,NA
USGS,mon_jug,2017-08-24,A,EST,195,NA,NA
USGS,mon_jug,2017-08-25,A,EST,228,NA,NA
USGS,mon_jug,2017-08-26,A,EST,333,NA,NA
USGS,mon_jug,2017-08-27,A,EST,535,NA,NA
USGS,mon_jug,2017-08-28,A,EST,367,NA,NA
USGS,mon_jug,2017-08-29,A,EST,180,NA,NA
USGS,mon_jug,2017-08-30,A,EST,133,NA,NA
USGS,mon_jug,2017-08-31,A,EST,110,NA,NA
USGS,mon_jug,2017-09-01,A,EST,95,NA,NA
NA,NA,#VALUE!,NA,NA,NA,NA,NA
NA,NA,#VALUE!,NA,NA,NA,NA,NA
USGS,luke,2017-05-01,A,EST,781,NA,NA
USGS,luke,2017-05-02,A,EST,757,NA,NA
USGS,luke,2017-05-03,A,EST,519,NA,NA
USGS,luke,2017-05-04,A,EST,465,NA,NA
USGS,luke,2017-05-05,A,EST,432,NA,NA
USGS,luke,2017-05-06,A,EST,430,NA,NA
USGS,luke,2017-05-07,A,EST,469,NA,NA
USGS,luke,2017-05-08,A,EST,694,NA,NA
USGS,luke,2017-05-09,A,EST,603,NA,NA
USGS,luke,2017-05-10,A,EST,523,NA,NA
USGS,luke,2017-05-11,A,EST,476,NA,NA
USGS,luke,2017-05-12,A,EST,458,NA,NA
USGS,luke,2017-05-13,A,EST,462,NA,NA
USGS,luke,2017-05-14,A,EST,470,NA,NA
USGS,luke,2017-05-15,A,EST,713,NA,NA
USGS,luke,2017-05-16,A,EST,696,NA,NA
USGS,luke,2017-05-17,A,EST,392,NA,NA
USGS,luke,2017-05-18,A,EST,357,NA,NA
USGS,luke,2017-05-19,A,EST,358,NA,NA
USGS,luke,2017-05-20,A,EST,352,NA,NA
USGS,luke,2017-05-21,A,EST,325,NA,NA
USGS,luke,2017-05-22,A,EST,309,NA,NA
USGS,luke,2017-05-23,A,EST,309,NA,NA
USGS,luke,2017-05-24,A,EST,330,NA,NA
USGS,luke,2017-05-25,A,EST,341,NA,NA
USGS,luke,2017-05-26,A,EST,321,NA,NA
USGS,luke,2017-05-27,A,EST,309,NA,NA
USGS,luke,2017-05-28,A,EST,290,NA,NA
USGS,luke,2017-05-29,A,EST,578,NA,NA
USGS,luke,2017-05-30,A,EST,579,NA,NA
USGS,luke,2017-05-31,A,EST,276,NA,NA
USGS,luke,2017-06-01,A,EST,273,NA,NA
USGS,luke,2017-06-02,A,EST,276,NA,NA
USGS,luke,2017-06-03,A,EST,272,NA,NA
USGS,luke,2017-06-04,A,EST,269,NA,NA
USGS,luke,2017-06-05,A,EST,268,NA,NA
USGS,luke,2017-06-06,A,EST,266,NA,NA
USGS,luke,2017-06-07,A,EST,265,NA,NA
USGS,luke,2017-06-08,A,EST,269,NA,NA
USGS,luke,2017-06-09,A,EST,247,NA,NA
USGS,luke,2017-06-10,A,EST,233,NA,NA
USGS,luke,2017-06-11,A,EST,234,NA,NA
USGS,luke,2017-06-12,A,EST,234,NA,NA
USGS,luke,2017-06-13,A,EST,234,NA,NA
USGS,luke,2017-06-14,A,EST,234,NA,NA
USGS,luke,2017-06-15,A,EST,239,NA,NA
USGS,luke,2017-06-16,A,EST,216,NA,NA
USGS,luke,2017-06-17,A,EST,198,NA,NA
USGS,luke,2017-06-18,A,EST,196,NA,NA
USGS,luke,2017-06-19,A,EST,196,NA,NA
USGS,luke,2017-06-20,A,EST,196,NA,NA
USGS,luke,2017-06-21,A,EST,196,NA,NA
USGS,luke,2017-06-22,A,EST,196,NA,NA
USGS,luke,2017-06-23,A,EST,196,NA,NA
USGS,luke,2017-06-24,A,EST,196,NA,NA
USGS,luke,2017-06-25,A,EST,195,NA,NA
USGS,luke,2017-06-26,A,EST,193,NA,NA
USGS,luke,2017-06-27,A,EST,193,NA,NA
USGS,luke,2017-06-28,A,EST,193,NA,NA
USGS,luke,2017-06-29,A,EST,194,NA,NA
USGS,luke,2017-06-30,A,EST,193,NA,NA
USGS,luke,2017-07-01,A,EST,193,NA,NA
USGS,luke,2017-07-02,A,EST,193,NA,NA
USGS,luke,2017-07-03,A,EST,193,NA,NA
USGS,luke,2017-07-04,A,EST,192,NA,NA
USGS,luke,2017-07-05,A,EST,192,NA,NA
USGS,luke,2017-07-06,A,EST,193,NA,NA
USGS,luke,2017-07-07,A,EST,193,NA,NA
USGS,luke,2017-07-08,A,EST,193,NA,NA
USGS,luke,2017-07-09,A,EST,178,NA,NA
USGS,luke,2017-07-10,A,EST,160,NA,NA
USGS,luke,2017-07-11,A,EST,445,NA,NA
USGS,luke,2017-07-12,A,EST,698,NA,NA
USGS,luke,2017-07-13,A,EST,543,NA,NA
USGS,luke,2017-07-14,A,EST,369,NA,NA
USGS,luke,2017-07-15,A,EST,288,NA,NA
USGS,luke,2017-07-16,A,EST,366,NA,NA
USGS,luke,2017-07-17,A,EST,459,NA,NA
USGS,luke,2017-07-18,A,EST,369,NA,NA
USGS,luke,2017-07-19,A,EST,287,NA,NA
USGS,luke,2017-07-20,A,EST,283,NA,NA
USGS,luke,2017-07-21,A,EST,243,NA,NA
USGS,luke,2017-07-22,A,EST,200,NA,NA
USGS,luke,2017-07-23,A,EST,198,NA,NA
USGS,luke,2017-07-24,A,EST,202,NA,NA
USGS,luke,2017-07-25,A,EST,198,NA,NA
USGS,luke,2017-07-26,A,EST,195,NA,NA
USGS,luke,2017-07-27,A,EST,184,NA,NA
USGS,luke,2017-07-28,A,EST,167,NA,NA
USGS,luke,2017-07-29,A,EST,169,NA,NA
USGS,luke,2017-07-30,A,EST,163,NA,NA
USGS,luke,2017-07-31,A,EST,165,NA,NA
USGS,luke,2017-08-01,A,EST,170,NA,NA
USGS,luke,2017-08-02,A,EST,169,NA,NA
USGS,luke,2017-08-03,A,EST,168,NA,NA
USGS,luke,2017-08-04,A,EST,167,NA,NA
USGS,luke,2017-08-05,A,EST,165,NA,NA
USGS,luke,2017-08-06,A,EST,165,NA,NA
USGS,luke,2017-08-07,A,EST,165,NA,NA
USGS,luke,2017-08-08,A,EST,166,NA,NA
USGS,luke,2017-08-09,A,EST,164,NA,NA
USGS,luke,2017-08-10,A,EST,160,NA,NA
USGS,luke,2017-08-11,A,EST,257,NA,NA
USGS,luke,2017-08-12,A,EST,384,NA,NA
USGS,luke,2017-08-13,A,EST,384,NA,NA
USGS,luke,2017-08-14,A,EST,342,NA,NA
USGS,luke,2017-08-15,A,EST,342,NA,NA
USGS,luke,2017-08-16,A,EST,328,NA,NA
USGS,luke,2017-08-17,A,EST,261,NA,NA
USGS,luke,2017-08-18,A,EST,184,NA,NA
USGS,luke,2017-08-19,A,EST,175,NA,NA
USGS,luke,2017-08-20,A,EST,164,NA,NA
USGS,luke,2017-08-21,A,EST,163,NA,NA
USGS,luke,2017-08-22,A,EST,163,NA,NA
USGS,luke,2017-08-23,A,EST,163,NA,NA
USGS,luke,2017-08-24,A,EST,166,NA,NA
USGS,luke,2017-08-25,A,EST,173,NA,NA
USGS,luke,2017-08-26,A,EST,170,NA,NA
USGS,luke,2017-08-27,A,EST,168,NA,NA
USGS,luke,2017-08-28,A,EST,166,NA,NA
USGS,luke,2017-08-29,A,EST,164,NA,NA
USGS,luke,2017-08-30,A,EST,163,NA,NA
USGS,luke,2017-08-31,A,EST,163,NA,NA
USGS,luke,2017-09-01,A,EST,163,NA,NA
USGS,nbp_cumb,2017-05-01,A,EST,1260,NA,NA
USGS,nbp_cumb,2017-05-02,A,EST,1290,NA,NA
USGS,nbp_cumb,2017-05-03,A,EST,1170,NA,NA
USGS,nbp_cumb,2017-05-04,A,EST,934,NA,NA
USGS,nbp_cumb,2017-05-05,A,EST,830,NA,NA
USGS,nbp_cumb,2017-05-06,A,EST,802,NA,NA
USGS,nbp_cumb,2017-05-07,A,EST,928,NA,NA
USGS,nbp_cumb,2017-05-08,A,EST,1510,NA,NA
USGS,nbp_cumb,2017-05-09,A,EST,1270,NA,NA
USGS,nbp_cumb,2017-05-10,A,EST,1050,NA,NA
USGS,nbp_cumb,2017-05-11,A,EST,920,NA,NA
USGS,nbp_cumb,2017-05-12,A,EST,823,NA,NA
USGS,nbp_cumb,2017-05-13,A,EST,837,NA,NA
USGS,nbp_cumb,2017-05-14,A,EST,920,NA,NA
USGS,nbp_cumb,2017-05-15,A,EST,917,NA,NA
USGS,nbp_cumb,2017-05-16,A,EST,1030,NA,NA
USGS,nbp_cumb,2017-05-17,A,EST,916,NA,NA
USGS,nbp_cumb,2017-05-18,A,EST,630,NA,NA
USGS,nbp_cumb,2017-05-19,A,EST,628,NA,NA
USGS,nbp_cumb,2017-05-20,A,EST,605,NA,NA
USGS,nbp_cumb,2017-05-21,A,EST,569,NA,NA
USGS,nbp_cumb,2017-05-22,A,EST,535,NA,NA
USGS,nbp_cumb,2017-05-23,A,EST,696,NA,NA
USGS,nbp_cumb,2017-05-24,A,EST,627,NA,NA
USGS,nbp_cumb,2017-05-25,A,EST,638,NA,NA
USGS,nbp_cumb,2017-05-26,A,EST,587,NA,NA
USGS,nbp_cumb,2017-05-27,A,EST,534,NA,NA
USGS,nbp_cumb,2017-05-28,A,EST,505,NA,NA
USGS,nbp_cumb,2017-05-29,A,EST,502,NA,NA
USGS,nbp_cumb,2017-05-30,A,EST,755,NA,NA
USGS,nbp_cumb,2017-05-31,A,EST,699,NA,NA
USGS,nbp_cumb,2017-06-01,A,EST,429,NA,NA
USGS,nbp_cumb,2017-06-02,A,EST,527,NA,NA
USGS,nbp_cumb,2017-06-03,A,EST,530,NA,NA
USGS,nbp_cumb,2017-06-04,A,EST,450,NA,NA
USGS,nbp_cumb,2017-06-05,A,EST,417,NA,NA
USGS,nbp_cumb,2017-06-06,A,EST,401,NA,NA
USGS,nbp_cumb,2017-06-07,A,EST,390,NA,NA
USGS,nbp_cumb,2017-06-08,A,EST,388,NA,NA
USGS,nbp_cumb,2017-06-09,A,EST,379,NA,NA
USGS,nbp_cumb,2017-06-10,A,EST,349,NA,NA
USGS,nbp_cumb,2017-06-11,A,EST,341,NA,NA
USGS,nbp_cumb,2017-06-12,A,EST,338,NA,NA
USGS,nbp_cumb,2017-06-13,A,EST,335,NA,NA
USGS,nbp_cumb,2017-06-14,A,EST,331,NA,NA
USGS,nbp_cumb,2017-06-15,A,EST,330,NA,NA
USGS,nbp_cumb,2017-06-16,A,EST,328,NA,NA
USGS,nbp_cumb,2017-06-17,A,EST,333,NA,NA
USGS,nbp_cumb,2017-06-18,A,EST,345,NA,NA
USGS,nbp_cumb,2017-06-19,A,EST,312,NA,NA
USGS,nbp_cumb,2017-06-20,A,EST,302,NA,NA
USGS,nbp_cumb,2017-06-21,A,EST,296,NA,NA
USGS,nbp_cumb,2017-06-22,A,EST,295,NA,NA
USGS,nbp_cumb,2017-06-23,A,EST,289,NA,NA
USGS,nbp_cumb,2017-06-24,A,EST,277,NA,NA
USGS,nbp_cumb,2017-06-25,A,EST,278,NA,NA
USGS,nbp_cumb,2017-06-26,A,EST,272,NA,NA
USGS,nbp_cumb,2017-06-27,A,EST,269,NA,NA
USGS,nbp_cumb,2017-06-28,A,EST,285,NA,NA
USGS,nbp_cumb,2017-06-29,A,EST,289,NA,NA
USGS,nbp_cumb,2017-06-30,A,EST,285,NA,NA
USGS,nbp_cumb,2017-07-01,A,EST,284,NA,NA
USGS,nbp_cumb,2017-07-02,A,EST,304,NA,NA
USGS,nbp_cumb,2017-07-03,A,EST,291,NA,NA
USGS,nbp_cumb,2017-07-04,A,EST,274,NA,NA
USGS,nbp_cumb,2017-07-05,A,EST,265,NA,NA
USGS,nbp_cumb,2017-07-06,A,EST,262,NA,NA
USGS,nbp_cumb,2017-07-07,A,EST,258,NA,NA
USGS,nbp_cumb,2017-07-08,A,EST,255,NA,NA
USGS,nbp_cumb,2017-07-09,A,EST,255,NA,NA
USGS,nbp_cumb,2017-07-10,A,EST,237,NA,NA
USGS,nbp_cumb,2017-07-11,A,EST,214,NA,NA
USGS,nbp_cumb,2017-07-12,A,EST,631,NA,NA
USGS,nbp_cumb,2017-07-13,A,EST,698,NA,NA
USGS,nbp_cumb,2017-07-14,A,EST,499,NA,NA
USGS,nbp_cumb,2017-07-15,A,EST,367,NA,NA
USGS,nbp_cumb,2017-07-16,A,EST,329,NA,NA
USGS,nbp_cumb,2017-07-17,A,EST,444,NA,NA
USGS,nbp_cumb,2017-07-18,A,EST,494,NA,NA
USGS,nbp_cumb,2017-07-19,A,EST,360,NA,NA
USGS,nbp_cumb,2017-07-20,A,EST,324,NA,NA
USGS,nbp_cumb,2017-07-21,A,EST,319,NA,NA
USGS,nbp_cumb,2017-07-22,A,EST,277,NA,NA
USGS,nbp_cumb,2017-07-23,A,EST,250,NA,NA
USGS,nbp_cumb,2017-07-24,A,EST,247,NA,NA
USGS,nbp_cumb,2017-07-25,A,EST,273,NA,NA
USGS,nbp_cumb,2017-07-26,A,EST,254,NA,NA
USGS,nbp_cumb,2017-07-27,A,EST,247,NA,NA
USGS,nbp_cumb,2017-07-28,A,EST,240,NA,NA
USGS,nbp_cumb,2017-07-29,A,EST,256,NA,NA
USGS,nbp_cumb,2017-07-30,A,EST,265,NA,NA
USGS,nbp_cumb,2017-07-31,A,EST,237,NA,NA
USGS,nbp_cumb,2017-08-01,A,EST,255,NA,NA
USGS,nbp_cumb,2017-08-02,A,EST,254,NA,NA
USGS,nbp_cumb,2017-08-03,A,EST,234,NA,NA
USGS,nbp_cumb,2017-08-04,A,EST,222,NA,NA
USGS,nbp_cumb,2017-08-05,A,EST,216,NA,NA
USGS,nbp_cumb,2017-08-06,A,EST,211,NA,NA
USGS,nbp_cumb,2017-08-07,A,EST,207,NA,NA
USGS,nbp_cumb,2017-08-08,A,EST,215,NA,NA
USGS,nbp_cumb,2017-08-09,A,EST,215,NA,NA
USGS,nbp_cumb,2017-08-10,A,EST,204,NA,NA
USGS,nbp_cumb,2017-08-11,A,EST,198,NA,NA
USGS,nbp_cumb,2017-08-12,A,EST,328,NA,NA
USGS,nbp_cumb,2017-08-13,A,EST,425,NA,NA
USGS,nbp_cumb,2017-08-14,A,EST,398,NA,NA
USGS,nbp_cumb,2017-08-15,A,EST,368,NA,NA
USGS,nbp_cumb,2017-08-16,A,EST,366,NA,NA
USGS,nbp_cumb,2017-08-17,A,EST,351,NA,NA
USGS,nbp_cumb,2017-08-18,A,EST,276,NA,NA
USGS,nbp_cumb,2017-08-19,A,EST,218,NA,NA
USGS,nbp_cumb,2017-08-20,A,EST,204,NA,NA
USGS,nbp_cumb,2017-08-21,A,EST,196,NA,NA
USGS,nbp_cumb,2017-08-22,A,EST,193,NA,NA
USGS,nbp_cumb,2017-08-23,A,EST,191,NA,NA
USGS,nbp_cumb,2017-08-24,A,EST,219,NA,NA
USGS,nbp_cumb,2017-08-25,A,EST,306,NA,NA
USGS,nbp_cumb,2017-08-26,A,EST,329,NA,NA
USGS,nbp_cumb,2017-08-27,A,EST,296,NA,NA
USGS,nbp_cumb,2017-08-28,A,EST,245,NA,NA
USGS,nbp_cumb,2017-08-29,A,EST,220,NA,NA
USGS,nbp_cumb,2017-08-30,A,EST,204,NA,NA
USGS,nbp_cumb,2017-08-31,A,EST,197,NA,NA
USGS,nbp_cumb,2017-09-01,A,EST,197,NA,NA
USGS,opequan,2017-05-01,A,EST,119,NA,NA
USGS,opequan,2017-05-02,A,EST,113,NA,NA
USGS,opequan,2017-05-03,A,EST,109,NA,NA
USGS,opequan,2017-05-04,A,EST,109,NA,NA
USGS,opequan,2017-05-05,A,EST,107,NA,NA
USGS,opequan,2017-05-06,A,EST,104,NA,NA
USGS,opequan,2017-05-07,A,EST,103,NA,NA
USGS,opequan,2017-05-08,A,EST,118,NA,NA
USGS,opequan,2017-05-09,A,EST,150,NA,NA
USGS,opequan,2017-05-10,A,EST,115,NA,NA
USGS,opequan,2017-05-11,A,EST,105,NA,NA
USGS,opequan,2017-05-12,A,EST,100,NA,NA
USGS,opequan,2017-05-13,A,EST,97,NA,NA
USGS,opequan,2017-05-14,A,EST,94,NA,NA
USGS,opequan,2017-05-15,A,EST,91,NA,NA
USGS,opequan,2017-05-16,A,EST,87,NA,NA
USGS,opequan,2017-05-17,A,EST,85,NA,NA
USGS,opequan,2017-05-18,A,EST,87,NA,NA
USGS,opequan,2017-05-19,A,EST,86,NA,NA
USGS,opequan,2017-05-20,A,EST,84,NA,NA
USGS,opequan,2017-05-21,A,EST,83,NA,NA
USGS,opequan,2017-05-22,A,EST,81,NA,NA
USGS,opequan,2017-05-23,A,EST,98,NA,NA
USGS,opequan,2017-05-24,A,EST,98,NA,NA
USGS,opequan,2017-05-25,A,EST,92,NA,NA
USGS,opequan,2017-05-26,A,EST,85,NA,NA
USGS,opequan,2017-05-27,A,EST,81,NA,NA
USGS,opequan,2017-05-28,A,EST,77,NA,NA
USGS,opequan,2017-05-29,A,EST,75,NA,NA
USGS,opequan,2017-05-30,A,EST,74,NA,NA
USGS,opequan,2017-05-31,A,EST,72,NA,NA
USGS,opequan,2017-06-01,A,EST,70,NA,NA
USGS,opequan,2017-06-02,A,EST,71,NA,NA
USGS,opequan,2017-06-03,A,EST,70,NA,NA
USGS,opequan,2017-06-04,A,EST,69,NA,NA
USGS,opequan,2017-06-05,A,EST,65,NA,NA
USGS,opequan,2017-06-06,A,EST,65,NA,NA
USGS,opequan,2017-06-07,A,EST,64,NA,NA
USGS,opequan,2017-06-08,A,EST,64,NA,NA
USGS,opequan,2017-06-09,A,EST,61,NA,NA
USGS,opequan,2017-06-10,A,EST,60,NA,NA
USGS,opequan,2017-06-11,A,EST,62,NA,NA
USGS,opequan,2017-06-12,A,EST,60,NA,NA
USGS,opequan,2017-06-13,A,EST,59,NA,NA
USGS,opequan,2017-06-14,A,EST,63,NA,NA
USGS,opequan,2017-06-15,A,EST,66,NA,NA
USGS,opequan,2017-06-16,A,EST,61,NA,NA
USGS,opequan,2017-06-17,A,EST,64,NA,NA
USGS,opequan,2017-06-18,A,EST,83,NA,NA
USGS,opequan,2017-06-19,A,EST,69,NA,NA
USGS,opequan,2017-06-20,A,EST,61,NA,NA
USGS,opequan,2017-06-21,A,EST,62,NA,NA
USGS,opequan,2017-06-22,A,EST,61,NA,NA
USGS,opequan,2017-06-23,A,EST,60,NA,NA
USGS,opequan,2017-06-24,A,EST,57,NA,NA
USGS,opequan,2017-06-25,A,EST,55,NA,NA
USGS,opequan,2017-06-26,A,EST,54,NA,NA
USGS,opequan,2017-06-27,A,EST,52,NA,NA
USGS,opequan,2017-06-28,A,EST,54,NA,NA
USGS,opequan,2017-06-29,A,EST,55,NA,NA
USGS,opequan,2017-06-30,A,EST,52,NA,NA
USGS,opequan,2017-07-01,A,EST,52,NA,NA
USGS,opequan,2017-07-02,A,EST,54,NA,NA
USGS,opequan,2017-07-03,A,EST,95,NA,NA
USGS,opequan,2017-07-04,A,EST,80,NA,NA
USGS,opequan,2017-07-05,A,EST,57,NA,NA
USGS,opequan,2017-07-06,A,EST,53,NA,NA
USGS,opequan,2017-07-07,A,EST,50,NA,NA
USGS,opequan,2017-07-08,A,EST,48,NA,NA
USGS,opequan,2017-07-09,A,EST,47,NA,NA
USGS,opequan,2017-07-10,A,EST,46,NA,NA
USGS,opequan,2017-07-11,A,EST,46,NA,NA
USGS,opequan,2017-07-12,A,EST,46,NA,NA
USGS,opequan,2017-07-13,A,EST,47,NA,NA
USGS,opequan,2017-07-14,A,EST,47,NA,NA
USGS,opequan,2017-07-15,A,EST,46,NA,NA
USGS,opequan,2017-07-16,A,EST,45,NA,NA
USGS,opequan,2017-07-17,A,EST,45,NA,NA
USGS,opequan,2017-07-18,A,EST,42,NA,NA
USGS,opequan,2017-07-19,A,EST,42,NA,NA
USGS,opequan,2017-07-20,A,EST,42,NA,NA
USGS,opequan,2017-07-21,A,EST,54,NA,NA
USGS,opequan,2017-07-22,A,EST,47,NA,NA
USGS,opequan,2017-07-23,A,EST,57,NA,NA
USGS,opequan,2017-07-24,A,EST,59,NA,NA
USGS,opequan,2017-07-25,A,EST,94,NA,NA
USGS,opequan,2017-07-26,A,EST,48,NA,NA
USGS,opequan,2017-07-27,A,EST,44,NA,NA
USGS,opequan,2017-07-28,A,EST,50,NA,NA
USGS,opequan,2017-07-29,A,EST,87,NA,NA
USGS,opequan,2017-07-30,A,EST,78,NA,NA
USGS,opequan,2017-07-31,A,EST,53,NA,NA
USGS,opequan,2017-08-01,A,EST,51,NA,NA
USGS,opequan,2017-08-02,A,EST,54,NA,NA
USGS,opequan,2017-08-03,A,EST,49,NA,NA
USGS,opequan,2017-08-04,A,EST,45,NA,NA
USGS,opequan,2017-08-05,A,EST,43,NA,NA
USGS,opequan,2017-08-06,A,EST,42,NA,NA
USGS,opequan,2017-08-07,A,EST,40,NA,NA
USGS,opequan,2017-08-08,A,EST,40,NA,NA
USGS,opequan,2017-08-09,A,EST,39,NA,NA
USGS,opequan,2017-08-10,A,EST,40,NA,NA
USGS,opequan,2017-08-11,A,EST,40,NA,NA
USGS,opequan,2017-08-12,A,EST,39,NA,NA
USGS,opequan,2017-08-13,A,EST,39,NA,NA
USGS,opequan,2017-08-14,A,EST,42,NA,NA
USGS,opequan,2017-08-15,A,EST,47,NA,NA
USGS,opequan,2017-08-16,A,EST,45,NA,NA
USGS,opequan,2017-08-17,A,EST,41,NA,NA
USGS,opequan,2017-08-18,A,EST,39,NA,NA
USGS,opequan,2017-08-19,A,EST,39,NA,NA
USGS,opequan,2017-08-20,A,EST,38,NA,NA
USGS,opequan,2017-08-21,A,EST,41,NA,NA
USGS,opequan,2017-08-22,A,EST,40,NA,NA
USGS,opequan,2017-08-23,A,EST,39,NA,NA
USGS,opequan,2017-08-24,A,EST,39,NA,NA
USGS,opequan,2017-08-25,A,EST,42,NA,NA
USGS,opequan,2017-08-26,A,EST,83,NA,NA
USGS,opequan,2017-08-27,A,EST,88,NA,NA
USGS,opequan,2017-08-28,A,EST,55,NA,NA
USGS,opequan,2017-08-29,A,EST,53,NA,NA
USGS,opequan,2017-08-30,A,EST,47,NA,NA
USGS,opequan,2017-08-31,A,EST,43,NA,NA
USGS,opequan,2017-09-01,A,EST,42,NA,NA
USGS,hanc,2017-05-01,A,EST,2910,NA,NA
USGS,hanc,2017-05-02,A,EST,2640,NA,NA
USGS,hanc,2017-05-03,A,EST,2560,NA,NA
USGS,hanc,2017-05-04,A,EST,2400,NA,NA
USGS,hanc,2017-05-05,A,EST,2100,NA,NA
USGS,hanc,2017-05-06,A,EST,1950,NA,NA
USGS,hanc,2017-05-07,A,EST,1890,NA,NA
USGS,hanc,2017-05-08,A,EST,3820,NA,NA
USGS,hanc,2017-05-09,A,EST,3750,NA,NA
USGS,hanc,2017-05-10,A,EST,3030,NA,NA
USGS,hanc,2017-05-11,A,EST,2540,NA,NA
USGS,hanc,2017-05-12,A,EST,2230,NA,NA
USGS,hanc,2017-05-13,A,EST,2100,NA,NA
USGS,hanc,2017-05-14,A,EST,1950,NA,NA
USGS,hanc,2017-05-15,A,EST,1940,NA,NA
USGS,hanc,2017-05-16,A,EST,2200,NA,NA
USGS,hanc,2017-05-17,A,EST,2550,NA,NA
USGS,hanc,2017-05-18,A,EST,2330,NA,NA
USGS,hanc,2017-05-19,A,EST,1880,NA,NA
USGS,hanc,2017-05-20,A,EST,1730,NA,NA
USGS,hanc,2017-05-21,A,EST,1630,NA,NA
USGS,hanc,2017-05-22,A,EST,1530,NA,NA
USGS,hanc,2017-05-23,A,EST,1500,NA,NA
USGS,hanc,2017-05-24,A,EST,1620,NA,NA
USGS,hanc,2017-05-25,A,EST,1730,NA,NA
USGS,hanc,2017-05-26,A,EST,2000,NA,NA
USGS,hanc,2017-05-27,A,EST,1850,NA,NA
USGS,hanc,2017-05-28,A,EST,1660,NA,NA
USGS,hanc,2017-05-29,A,EST,1480,NA,NA
USGS,hanc,2017-05-30,A,EST,1330,NA,NA
USGS,hanc,2017-05-31,A,EST,1460,NA,NA
USGS,hanc,2017-06-01,A,EST,1390,NA,NA
USGS,hanc,2017-06-02,A,EST,1100,NA,NA
USGS,hanc,2017-06-03,A,EST,1100,NA,NA
USGS,hanc,2017-06-04,A,EST,1240,NA,NA
USGS,hanc,2017-06-05,A,EST,1060,NA,NA
USGS,hanc,2017-06-06,A,EST,918,NA,NA
USGS,hanc,2017-06-07,A,EST,853,NA,NA
USGS,hanc,2017-06-08,A,EST,803,NA,NA
USGS,hanc,2017-06-09,A,EST,754,NA,NA
USGS,hanc,2017-06-10,A,EST,721,NA,NA
USGS,hanc,2017-06-11,A,EST,678,NA,NA
USGS,hanc,2017-06-12,A,EST,619,NA,NA
USGS,hanc,2017-06-13,A,EST,599,NA,NA
USGS,hanc,2017-06-14,A,EST,692,NA,NA
USGS,hanc,2017-06-15,A,EST,673,NA,NA
USGS,hanc,2017-06-16,A,EST,642,NA,NA
USGS,hanc,2017-06-17,A,EST,664,NA,NA
USGS,hanc,2017-06-18,A,EST,668,NA,NA
USGS,hanc,2017-06-19,A,EST,658,NA,NA
USGS,hanc,2017-06-20,A,EST,635,NA,NA
USGS,hanc,2017-06-21,A,EST,600,NA,NA
USGS,hanc,2017-06-22,A,EST,574,NA,NA
USGS,hanc,2017-06-23,A,EST,551,NA,NA
USGS,hanc,2017-06-24,A,EST,521,NA,NA
USGS,hanc,2017-06-25,A,EST,497,NA,NA
USGS,hanc,2017-06-26,A,EST,476,NA,NA
USGS,hanc,2017-06-27,A,EST,464,NA,NA
USGS,hanc,2017-06-28,A,EST,448,NA,NA
USGS,hanc,2017-06-29,A,EST,437,NA,NA
USGS,hanc,2017-06-30,A,EST,450,NA,NA
USGS,hanc,2017-07-01,A,EST,476,NA,NA
USGS,hanc,2017-07-02,A,EST,552,NA,NA
USGS,hanc,2017-07-03,A,EST,481,NA,NA
USGS,hanc,2017-07-04,A,EST,495,NA,NA
USGS,hanc,2017-07-05,A,EST,489,NA,NA
USGS,hanc,2017-07-06,A,EST,457,NA,NA
USGS,hanc,2017-07-07,A,EST,423,NA,NA
USGS,hanc,2017-07-08,A,EST,379,NA,NA
USGS,hanc,2017-07-09,A,EST,349,NA,NA
USGS,hanc,2017-07-10,A,EST,341,NA,NA
USGS,hanc,2017-07-11,A,EST,339,NA,NA
USGS,hanc,2017-07-12,A,EST,322,NA,NA
USGS,hanc,2017-07-13,A,EST,287,NA,NA
USGS,hanc,2017-07-14,A,EST,798,NA,NA
USGS,hanc,2017-07-15,A,EST,759,NA,NA
USGS,hanc,2017-07-16,A,EST,604,NA,NA
USGS,hanc,2017-07-17,A,EST,463,NA,NA
USGS,hanc,2017-07-18,A,EST,425,NA,NA
USGS,hanc,2017-07-19,A,EST,584,NA,NA
USGS,hanc,2017-07-20,A,EST,625,NA,NA
USGS,hanc,2017-07-21,A,EST,493,NA,NA
USGS,hanc,2017-07-22,A,EST,469,NA,NA
USGS,hanc,2017-07-23,A,EST,473,NA,NA
USGS,hanc,2017-07-24,A,EST,389,NA,NA
USGS,hanc,2017-07-25,A,EST,360,NA,NA
USGS,hanc,2017-07-26,A,EST,345,NA,NA
USGS,hanc,2017-07-27,A,EST,351,NA,NA
USGS,hanc,2017-07-28,A,EST,343,NA,NA
USGS,hanc,2017-07-29,A,EST,360,NA,NA
USGS,hanc,2017-07-30,A,EST,389,NA,NA
USGS,hanc,2017-07-31,A,EST,370,NA,NA
USGS,hanc,2017-08-01,A,EST,395,NA,NA
USGS,hanc,2017-08-02,A,EST,387,NA,NA
USGS,hanc,2017-08-03,A,EST,419,NA,NA
USGS,hanc,2017-08-04,A,EST,395,NA,NA
USGS,hanc,2017-08-05,A,EST,356,NA,NA
USGS,hanc,2017-08-06,A,EST,315,NA,NA
USGS,hanc,2017-08-07,A,EST,293,NA,NA
USGS,hanc,2017-08-08,A,EST,284,NA,NA
USGS,hanc,2017-08-09,A,EST,277,NA,NA
USGS,hanc,2017-08-10,A,EST,267,NA,NA
USGS,hanc,2017-08-11,A,EST,266,NA,NA
USGS,hanc,2017-08-12,A,EST,255,NA,NA
USGS,hanc,2017-08-13,A,EST,250,NA,NA
USGS,hanc,2017-08-14,A,EST,357,NA,NA
USGS,hanc,2017-08-15,A,EST,514,NA,NA
USGS,hanc,2017-08-16,A,EST,483,NA,NA
USGS,hanc,2017-08-17,A,EST,450,NA,NA
USGS,hanc,2017-08-18,A,EST,447,NA,NA
USGS,hanc,2017-08-19,A,EST,422,NA,NA
USGS,hanc,2017-08-20,A,EST,366,NA,NA
USGS,hanc,2017-08-21,A,EST,306,NA,NA
USGS,hanc,2017-08-22,A,EST,285,NA,NA
USGS,hanc,2017-08-23,A,EST,283,NA,NA
USGS,hanc,2017-08-24,A,EST,285,NA,NA
USGS,hanc,2017-08-25,A,EST,347,NA,NA
USGS,hanc,2017-08-26,A,EST,512,NA,NA
USGS,hanc,2017-08-27,A,EST,636,NA,NA
USGS,hanc,2017-08-28,A,EST,679,NA,NA
USGS,hanc,2017-08-29,A,EST,807,NA,NA
USGS,hanc,2017-08-30,A,EST,667,NA,NA
USGS,hanc,2017-08-31,A,EST,571,NA,NA
USGS,hanc,2017-09-01,A,EST,491,NA,NA
USGS,paw,2017-05-01,A,EST,2310,NA,NA
USGS,paw,2017-05-02,A,EST,2270,NA,NA
USGS,paw,2017-05-03,A,EST,2120,NA,NA
USGS,paw,2017-05-04,A,EST,1820,NA,NA
USGS,paw,2017-05-05,A,EST,1700,NA,NA
USGS,paw,2017-05-06,A,EST,1600,NA,NA
USGS,paw,2017-05-07,A,EST,1570,NA,NA
USGS,paw,2017-05-08,A,EST,2320,NA,NA
USGS,paw,2017-05-09,A,EST,2360,NA,NA
USGS,paw,2017-05-10,A,EST,1980,NA,NA
USGS,paw,2017-05-11,A,EST,1750,NA,NA
USGS,paw,2017-05-12,A,EST,1580,NA,NA
USGS,paw,2017-05-13,A,EST,1490,NA,NA
USGS,paw,2017-05-14,A,EST,1560,NA,NA
USGS,paw,2017-05-15,A,EST,1670,NA,NA
USGS,paw,2017-05-16,A,EST,2350,NA,NA
USGS,paw,2017-05-17,A,EST,2140,NA,NA
USGS,paw,2017-05-18,A,EST,1710,NA,NA
USGS,paw,2017-05-19,A,EST,1540,NA,NA
USGS,paw,2017-05-20,A,EST,1470,NA,NA
USGS,paw,2017-05-21,A,EST,1380,NA,NA
USGS,paw,2017-05-22,A,EST,1290,NA,NA
USGS,paw,2017-05-23,A,EST,1400,NA,NA
USGS,paw,2017-05-24,A,EST,1480,NA,NA
USGS,paw,2017-05-25,A,EST,1770,NA,NA
USGS,paw,2017-05-26,A,EST,1700,NA,NA
USGS,paw,2017-05-27,A,EST,1540,NA,NA
USGS,paw,2017-05-28,A,EST,1370,NA,NA
USGS,paw,2017-05-29,A,EST,1240,NA,NA
USGS,paw,2017-05-30,A,EST,1350,NA,NA
USGS,paw,2017-05-31,A,EST,1310,NA,NA
USGS,paw,2017-06-01,A,EST,990,NA,NA
USGS,paw,2017-06-02,A,EST,916,NA,NA
USGS,paw,2017-06-03,A,EST,1110,NA,NA
USGS,paw,2017-06-04,A,EST,991,NA,NA
USGS,paw,2017-06-05,A,EST,850,NA,NA
USGS,paw,2017-06-06,A,EST,782,NA,NA
USGS,paw,2017-06-07,A,EST,738,NA,NA
USGS,paw,2017-06-08,A,EST,702,NA,NA
USGS,paw,2017-06-09,A,EST,666,NA,NA
USGS,paw,2017-06-10,A,EST,633,NA,NA
USGS,paw,2017-06-11,A,EST,577,NA,NA
USGS,paw,2017-06-12,A,EST,558,NA,NA
USGS,paw,2017-06-13,A,EST,638,NA,NA
USGS,paw,2017-06-14,A,EST,625,NA,NA
USGS,paw,2017-06-15,A,EST,605,NA,NA
USGS,paw,2017-06-16,A,EST,564,NA,NA
USGS,paw,2017-06-17,A,EST,571,NA,NA
USGS,paw,2017-06-18,A,EST,590,NA,NA
USGS,paw,2017-06-19,A,EST,572,NA,NA
USGS,paw,2017-06-20,A,EST,540,NA,NA
USGS,paw,2017-06-21,A,EST,523,NA,NA
USGS,paw,2017-06-22,A,EST,506,NA,NA
USGS,paw,2017-06-23,A,EST,487,NA,NA
USGS,paw,2017-06-24,A,EST,468,NA,NA
USGS,paw,2017-06-25,A,EST,446,NA,NA
USGS,paw,2017-06-26,A,EST,435,NA,NA
USGS,paw,2017-06-27,A,EST,419,NA,NA
USGS,paw,2017-06-28,A,EST,415,NA,NA
USGS,paw,2017-06-29,A,EST,428,NA,NA
USGS,paw,2017-06-30,A,EST,422,NA,NA
USGS,paw,2017-07-01,A,EST,422,NA,NA
USGS,paw,2017-07-02,A,EST,431,NA,NA
USGS,paw,2017-07-03,A,EST,447,NA,NA
USGS,paw,2017-07-04,A,EST,440,NA,NA
USGS,paw,2017-07-05,A,EST,415,NA,NA
USGS,paw,2017-07-06,A,EST,404,NA,NA
USGS,paw,2017-07-07,A,EST,376,NA,NA
USGS,paw,2017-07-08,A,EST,353,NA,NA
USGS,paw,2017-07-09,A,EST,347,NA,NA
USGS,paw,2017-07-10,A,EST,340,NA,NA
USGS,paw,2017-07-11,A,EST,321,NA,NA
USGS,paw,2017-07-12,A,EST,330,NA,NA
USGS,paw,2017-07-13,A,EST,822,NA,NA
USGS,paw,2017-07-14,A,EST,742,NA,NA
USGS,paw,2017-07-15,A,EST,576,NA,NA
USGS,paw,2017-07-16,A,EST,431,NA,NA
USGS,paw,2017-07-17,A,EST,423,NA,NA
USGS,paw,2017-07-18,A,EST,583,NA,NA
USGS,paw,2017-07-19,A,EST,595,NA,NA
USGS,paw,2017-07-20,A,EST,432,NA,NA
USGS,paw,2017-07-21,A,EST,434,NA,NA
USGS,paw,2017-07-22,A,EST,426,NA,NA
USGS,paw,2017-07-23,A,EST,356,NA,NA
USGS,paw,2017-07-24,A,EST,345,NA,NA
USGS,paw,2017-07-25,A,EST,347,NA,NA
USGS,paw,2017-07-26,A,EST,360,NA,NA
USGS,paw,2017-07-27,A,EST,333,NA,NA
USGS,paw,2017-07-28,A,EST,325,NA,NA
USGS,paw,2017-07-29,A,EST,342,NA,NA
USGS,paw,2017-07-30,A,EST,357,NA,NA
USGS,paw,2017-07-31,A,EST,355,NA,NA
USGS,paw,2017-08-01,A,EST,347,NA,NA
USGS,paw,2017-08-02,A,EST,390,NA,NA
USGS,paw,2017-08-03,A,EST,360,NA,NA
USGS,paw,2017-08-04,A,EST,333,NA,NA
USGS,paw,2017-08-05,A,EST,309,NA,NA
USGS,paw,2017-08-06,A,EST,295,NA,NA
USGS,paw,2017-08-07,A,EST,284,NA,NA
USGS,paw,2017-08-08,A,EST,278,NA,NA
USGS,paw,2017-08-09,A,EST,278,NA,NA
USGS,paw,2017-08-10,A,EST,276,NA,NA
USGS,paw,2017-08-11,A,EST,268,NA,NA
USGS,paw,2017-08-12,A,EST,261,NA,NA
USGS,paw,2017-08-13,A,EST,422,NA,NA
USGS,paw,2017-08-14,A,EST,508,NA,NA
USGS,paw,2017-08-15,A,EST,459,NA,NA
USGS,paw,2017-08-16,A,EST,438,NA,NA
USGS,paw,2017-08-17,A,EST,435,NA,NA
USGS,paw,2017-08-18,A,EST,411,NA,NA
USGS,paw,2017-08-19,A,EST,321,NA,NA
USGS,paw,2017-08-20,A,EST,282,NA,NA
USGS,paw,2017-08-21,A,EST,285,NA,NA
USGS,paw,2017-08-22,A,EST,273,NA,NA
USGS,paw,2017-08-23,A,EST,273,NA,NA
USGS,paw,2017-08-24,A,EST,311,NA,NA
USGS,paw,2017-08-25,A,EST,398,NA,NA
USGS,paw,2017-08-26,A,EST,580,NA,NA
USGS,paw,2017-08-27,A,EST,616,NA,NA
USGS,paw,2017-08-28,A,EST,758,NA,NA
USGS,paw,2017-08-29,A,EST,621,NA,NA
USGS,paw,2017-08-30,A,EST,510,NA,NA
USGS,paw,2017-08-31,A,EST,451,NA,NA
USGS,paw,2017-09-01,A,EST,409,NA,NA
USGS,por,2017-05-01,A,EST,6090,NA,NA
USGS,por,2017-05-02,A,EST,5610,NA,NA
USGS,por,2017-05-03,A,EST,5250,NA,NA
USGS,por,2017-05-04,A,EST,5100,NA,NA
USGS,por,2017-05-05,A,EST,4880,NA,NA
USGS,por,2017-05-06,A,EST,4550,NA,NA
USGS,por,2017-05-07,A,EST,4340,NA,NA
USGS,por,2017-05-08,A,EST,4410,NA,NA
USGS,por,2017-05-09,A,EST,8030,NA,NA
USGS,por,2017-05-10,A,EST,8290,NA,NA
USGS,por,2017-05-11,A,EST,6890,NA,NA
USGS,por,2017-05-12,A,EST,6350,NA,NA
USGS,por,2017-05-13,A,EST,5660,NA,NA
USGS,por,2017-05-14,A,EST,5740,NA,NA
USGS,por,2017-05-15,A,EST,4990,NA,NA
USGS,por,2017-05-16,A,EST,4630,NA,NA
USGS,por,2017-05-17,A,EST,4580,NA,NA
USGS,por,2017-05-18,A,EST,5400,NA,NA
USGS,por,2017-05-19,A,EST,5010,NA,NA
USGS,por,2017-05-20,A,EST,4570,NA,NA
USGS,por,2017-05-21,A,EST,4140,NA,NA
USGS,por,2017-05-22,A,EST,3890,NA,NA
USGS,por,2017-05-23,A,EST,3820,NA,NA
USGS,por,2017-05-24,A,EST,3800,NA,NA
USGS,por,2017-05-25,A,EST,3690,NA,NA
USGS,por,2017-05-26,A,EST,3840,NA,NA
USGS,por,2017-05-27,A,EST,3860,NA,NA
USGS,por,2017-05-28,A,EST,3820,NA,NA
USGS,por,2017-05-29,A,EST,3480,NA,NA
USGS,por,2017-05-30,A,EST,3230,NA,NA
USGS,por,2017-05-31,A,EST,2960,NA,NA
USGS,por,2017-06-01,A,EST,2860,NA,NA
USGS,por,2017-06-02,A,EST,2950,NA,NA
USGS,por,2017-06-03,A,EST,2940,NA,NA
USGS,por,2017-06-04,A,EST,2780,NA,NA
USGS,por,2017-06-05,A,EST,2630,NA,NA
USGS,por,2017-06-06,A,EST,2500,NA,NA
USGS,por,2017-06-07,A,EST,2300,NA,NA
USGS,por,2017-06-08,A,EST,2300,NA,NA
USGS,por,2017-06-09,A,EST,2030,NA,NA
USGS,por,2017-06-10,A,EST,1950,NA,NA
USGS,por,2017-06-11,A,EST,1920,NA,NA
USGS,por,2017-06-12,A,EST,1810,NA,NA
USGS,por,2017-06-13,A,EST,1720,NA,NA
USGS,por,2017-06-14,A,EST,1620,NA,NA
USGS,por,2017-06-15,A,EST,1760,NA,NA
USGS,por,2017-06-16,A,EST,1800,NA,NA
USGS,por,2017-06-17,A,EST,1790,NA,NA
USGS,por,2017-06-18,A,EST,1750,NA,NA
USGS,por,2017-06-19,A,EST,1800,NA,NA
USGS,por,2017-06-20,A,EST,1910,NA,NA
USGS,por,2017-06-21,A,EST,1840,NA,NA
USGS,por,2017-06-22,A,EST,1690,NA,NA
USGS,por,2017-06-23,A,EST,1680,NA,NA
USGS,por,2017-06-24,A,EST,1680,NA,NA
USGS,por,2017-06-25,A,EST,1590,NA,NA
USGS,por,2017-06-26,A,EST,1480,NA,NA
USGS,por,2017-06-27,A,EST,1450,NA,NA
USGS,por,2017-06-28,A,EST,1420,NA,NA
USGS,por,2017-06-29,A,EST,1590,NA,NA
USGS,por,2017-06-30,A,EST,1620,NA,NA
USGS,por,2017-07-01,A,EST,1370,NA,NA
USGS,por,2017-07-02,A,EST,1530,NA,NA
USGS,por,2017-07-03,A,EST,2060,NA,NA
USGS,por,2017-07-04,A,EST,1720,NA,NA
USGS,por,2017-07-05,A,EST,1630,NA,NA
USGS,por,2017-07-06,A,EST,1570,NA,NA
USGS,por,2017-07-07,A,EST,1440,NA,NA
USGS,por,2017-07-08,A,EST,1290,NA,NA
USGS,por,2017-07-09,A,EST,1160,NA,NA
USGS,por,2017-07-10,A,EST,1060,NA,NA
USGS,por,2017-07-11,A,EST,930,NA,NA
USGS,por,2017-07-12,A,EST,973,NA,NA
USGS,por,2017-07-13,A,EST,978,NA,NA
USGS,por,2017-07-14,A,EST,1040,NA,NA
USGS,por,2017-07-15,A,EST,969,NA,NA
USGS,por,2017-07-16,A e,EST,1100,NA,NA
USGS,por,2017-07-17,A e,EST,1300,NA,NA
USGS,por,2017-07-18,A e,EST,1200,NA,NA
USGS,por,2017-07-19,A e,EST,1100,NA,NA
USGS,por,2017-07-20,A e,EST,1000,NA,NA
USGS,por,2017-07-21,A e,EST,1050,NA,NA
USGS,por,2017-07-22,A e,EST,1050,NA,NA
USGS,por,2017-07-23,A e,EST,1100,NA,NA
USGS,por,2017-07-24,A e,EST,1100,NA,NA
USGS,por,2017-07-25,A e,EST,1200,NA,NA
USGS,por,2017-07-26,A e,EST,1500,NA,NA
USGS,por,2017-07-27,A,EST,1360,NA,NA
USGS,por,2017-07-28,A,EST,1220,NA,NA
USGS,por,2017-07-29,A,EST,1300,NA,NA
USGS,por,2017-07-30,A e,EST,1200,NA,NA
USGS,por,2017-07-31,A e,EST,1150,NA,NA
USGS,por,2017-08-01,A e,EST,1150,NA,NA
USGS,por,2017-08-02,A e,EST,1150,NA,NA
USGS,por,2017-08-03,A e,EST,1100,NA,NA
USGS,por,2017-08-04,A e,EST,1150,NA,NA
USGS,por,2017-08-05,A e,EST,1100,NA,NA
USGS,por,2017-08-06,A e,EST,1150,NA,NA
USGS,por,2017-08-07,A,EST,1170,NA,NA
USGS,por,2017-08-08,A,EST,1070,NA,NA
USGS,por,2017-08-09,A,EST,1040,NA,NA
USGS,por,2017-08-10,A,EST,1020,NA,NA
USGS,por,2017-08-11,A,EST,976,NA,NA
USGS,por,2017-08-12,A,EST,814,NA,NA
USGS,por,2017-08-13,A,EST,762,NA,NA
USGS,por,2017-08-14,A,EST,721,NA,NA
USGS,por,2017-08-15,A,EST,1030,NA,NA
USGS,por,2017-08-16,A,EST,967,NA,NA
USGS,por,2017-08-17,A e,EST,1020,NA,NA
USGS,por,2017-08-18,A e,EST,1080,NA,NA
USGS,por,2017-08-19,A e,EST,1040,NA,NA
USGS,por,2017-08-20,A,EST,1010,NA,NA
USGS,por,2017-08-21,A,EST,1070,NA,NA
USGS,por,2017-08-22,A,EST,987,NA,NA
USGS,por,2017-08-23,A,EST,1010,NA,NA
USGS,por,2017-08-24,A,EST,1030,NA,NA
USGS,por,2017-08-25,A,EST,986,NA,NA
USGS,por,2017-08-26,A,EST,1230,NA,NA
USGS,por,2017-08-27,A,EST,1890,NA,NA
USGS,por,2017-08-28,A,EST,1870,NA,NA
USGS,por,2017-08-29,A,EST,1790,NA,NA
USGS,por,2017-08-30,A,EST,1660,NA,NA
USGS,por,2017-08-31,A,EST,1850,NA,NA
USGS,por,2017-09-01,A,EST,1710,NA,NA
NA,NA,#VALUE!,NA,NA,NA,NA,NA
USGS,lfalls,2017-05-01,A,EST,7390,NA,NA
USGS,lfalls,2017-05-02,A,EST,6620,NA,NA
USGS,lfalls,2017-05-03,A,EST,6090,NA,NA
USGS,lfalls,2017-05-04,A,EST,5740,NA,NA
USGS,lfalls,2017-05-05,A,EST,5470,NA,NA
USGS,lfalls,2017-05-06,A,EST,5250,NA,NA
USGS,lfalls,2017-05-07,A,EST,4830,NA,NA
USGS,lfalls,2017-05-08,A,EST,5580,NA,NA
USGS,lfalls,2017-05-09,A,EST,5740,NA,NA
USGS,lfalls,2017-05-10,A,EST,9940,NA,NA
USGS,lfalls,2017-05-11,A,EST,8540,NA,NA
USGS,lfalls,2017-05-12,A,EST,7100,NA,NA
USGS,lfalls,2017-05-13,A,EST,6370,NA,NA
USGS,lfalls,2017-05-14,A,EST,5800,NA,NA
USGS,lfalls,2017-05-15,A,EST,5710,NA,NA
USGS,lfalls,2017-05-16,A,EST,4940,NA,NA
USGS,lfalls,2017-05-17,A,EST,4530,NA,NA
USGS,lfalls,2017-05-18,A,EST,4570,NA,NA
USGS,lfalls,2017-05-19,A,EST,5200,NA,NA
USGS,lfalls,2017-05-20,A,EST,4710,NA,NA
USGS,lfalls,2017-05-21,A,EST,4110,NA,NA
USGS,lfalls,2017-05-22,A,EST,3710,NA,NA
USGS,lfalls,2017-05-23,A,EST,3840,NA,NA
USGS,lfalls,2017-05-24,A,EST,4060,NA,NA
USGS,lfalls,2017-05-25,A,EST,4140,NA,NA
USGS,lfalls,2017-05-26,A,EST,3640,NA,NA
USGS,lfalls,2017-05-27,A,EST,3590,NA,NA
USGS,lfalls,2017-05-28,A,EST,3360,NA,NA
USGS,lfalls,2017-05-29,A,EST,3260,NA,NA
USGS,lfalls,2017-05-30,A,EST,2940,NA,NA
USGS,lfalls,2017-05-31,A,EST,2650,NA,NA
USGS,lfalls,2017-06-01,A,EST,2370,NA,NA
USGS,lfalls,2017-06-02,A,EST,2180,NA,NA
USGS,lfalls,2017-06-03,A,EST,2220,NA,NA
USGS,lfalls,2017-06-04,A,EST,2210,NA,NA
USGS,lfalls,2017-06-05,A,EST,2200,NA,NA
USGS,lfalls,2017-06-06,A,EST,2090,NA,NA
USGS,lfalls,2017-06-07,A,EST,1850,NA,NA
USGS,lfalls,2017-06-08,A,EST,1600,NA,NA
USGS,lfalls,2017-06-09,A,EST,1520,NA,NA
USGS,lfalls,2017-06-10,A,EST,1340,NA,NA
USGS,lfalls,2017-06-11,A,EST,1370,NA,NA
USGS,lfalls,2017-06-12,A,EST,1270,NA,NA
USGS,lfalls,2017-06-13,A,EST,1320,NA,NA
USGS,lfalls,2017-06-14,A,EST,1480,NA,NA
USGS,lfalls,2017-06-15,A,EST,1600,NA,NA
USGS,lfalls,2017-06-16,A,EST,1280,NA,NA
USGS,lfalls,2017-06-17,A,EST,1470,NA,NA
USGS,lfalls,2017-06-18,A,EST,1500,NA,NA
USGS,lfalls,2017-06-19,A,EST,1380,NA,NA
USGS,lfalls,2017-06-20,A,EST,1620,NA,NA
USGS,lfalls,2017-06-21,A,EST,1870,NA,NA
USGS,lfalls,2017-06-22,A,EST,1620,NA,NA
USGS,lfalls,2017-06-23,A,EST,1400,NA,NA
USGS,lfalls,2017-06-24,A,EST,1190,NA,NA
USGS,lfalls,2017-06-25,A,EST,1120,NA,NA
USGS,lfalls,2017-06-26,A,EST,1080,NA,NA
USGS,lfalls,2017-06-27,A,EST,900,NA,NA
USGS,lfalls,2017-06-28,A,EST,803,NA,NA
USGS,lfalls,2017-06-29,A,EST,1170,NA,NA
USGS,lfalls,2017-06-30,A,EST,1070,NA,NA
USGS,lfalls,2017-07-01,A,EST,1080,NA,NA
USGS,lfalls,2017-07-02,A,EST,1100,NA,NA
USGS,lfalls,2017-07-03,A,EST,972,NA,NA
USGS,lfalls,2017-07-04,A,EST,1180,NA,NA
USGS,lfalls,2017-07-05,A,EST,1250,NA,NA
USGS,lfalls,2017-07-06,A,EST,864,NA,NA
USGS,lfalls,2017-07-07,A,EST,724,NA,NA
USGS,lfalls,2017-07-08,A,EST,680,NA,NA
USGS,lfalls,2017-07-09,A,EST,649,NA,NA
USGS,lfalls,2017-07-10,A,EST,488,NA,NA
USGS,lfalls,2017-07-11,A,EST,518,NA,NA
USGS,lfalls,2017-07-12,A,EST,377,NA,NA
USGS,lfalls,2017-07-13,A,EST,451,NA,NA
USGS,lfalls,2017-07-14,A,EST,402,NA,NA
USGS,lfalls,2017-07-15,A,EST,284,NA,NA
USGS,lfalls,2017-07-16,A,EST,383,NA,NA
USGS,lfalls,2017-07-17,A,EST,287,NA,NA
USGS,lfalls,2017-07-18,A,EST,234,NA,NA
USGS,lfalls,2017-07-19,A,EST,424,NA,NA
USGS,lfalls,2017-07-20,A,EST,428,NA,NA
USGS,lfalls,2017-07-21,A,EST,441,NA,NA
USGS,lfalls,2017-07-22,A,EST,295,NA,NA
USGS,lfalls,2017-07-23,A,EST,358,NA,NA
USGS,lfalls,2017-07-24,A,EST,344,NA,NA
USGS,lfalls,2017-07-25,A,EST,440,NA,NA
USGS,lfalls,2017-07-26,A,EST,725,NA,NA
USGS,lfalls,2017-07-27,A,EST,762,NA,NA
USGS,lfalls,2017-07-28,A,EST,746,NA,NA
USGS,lfalls,2017-07-29,A,EST,679,NA,NA
USGS,lfalls,2017-07-30,A,EST,516,NA,NA
USGS,lfalls,2017-07-31,A,EST,490,NA,NA
USGS,lfalls,2017-08-01,A,EST,438,NA,NA
USGS,lfalls,2017-08-02,A,EST,478,NA,NA
USGS,lfalls,2017-08-03,A,EST,424,NA,NA
USGS,lfalls,2017-08-04,A,EST,431,NA,NA
USGS,lfalls,2017-08-05,A,EST,374,NA,NA
USGS,lfalls,2017-08-06,A,EST,487,NA,NA
USGS,lfalls,2017-08-07,A,EST,486,NA,NA
USGS,lfalls,2017-08-08,A,EST,401,NA,NA
USGS,lfalls,2017-08-09,A,EST,476,NA,NA
USGS,lfalls,2017-08-10,A,EST,379,NA,NA
USGS,lfalls,2017-08-11,A,EST,281,NA,NA
USGS,lfalls,2017-08-12,A,EST,288,NA,NA
USGS,lfalls,2017-08-13,A,EST,174,NA,NA
USGS,lfalls,2017-08-14,A,EST,304,NA,NA
USGS,lfalls,2017-08-15,A,EST,479,NA,NA
USGS,lfalls,2017-08-16,A,EST,358,NA,NA
USGS,lfalls,2017-08-17,A,EST,274,NA,NA
USGS,lfalls,2017-08-18,A,EST,260,NA,NA
USGS,lfalls,2017-08-19,A,EST,270,NA,NA
USGS,lfalls,2017-08-20,A,EST,685,NA,NA
USGS,lfalls,2017-08-21,A,EST,595,NA,NA
USGS,lfalls,2017-08-22,A,EST,568,NA,NA
USGS,lfalls,2017-08-23,A,EST,464,NA,NA
USGS,lfalls,2017-08-24,A,EST,799,NA,NA
USGS,lfalls,2017-08-25,A,EST,1460,NA,NA
USGS,lfalls,2017-08-26,A,EST,2300,NA,NA
USGS,lfalls,2017-08-27,A,EST,2000,NA,NA
USGS,lfalls,2017-08-28,A,EST,1670,NA,NA
USGS,lfalls,2017-08-29,A,EST,1830,NA,NA
USGS,lfalls,2017-08-30,A,EST,1550,NA,NA
USGS,lfalls,2017-08-31,A,EST,1360,NA,NA
USGS,lfalls,2017-09-01,A,EST,1230,NA,NA
USGS,bloomington,2017-05-01,A,EST,132,NA,NA
USGS,bloomington,2017-05-02,A,EST,126,NA,NA
USGS,bloomington,2017-05-03,A,EST,100,NA,NA
USGS,bloomington,2017-05-04,A,EST,88,NA,NA
USGS,bloomington,2017-05-05,A,EST,88,NA,NA
USGS,bloomington,2017-05-06,A,EST,88,NA,NA
USGS,bloomington,2017-05-07,A,EST,129,NA,NA
USGS,bloomington,2017-05-08,A,EST,286,NA,NA
USGS,bloomington,2017-05-09,A,EST,222,NA,NA
USGS,bloomington,2017-05-10,A,EST,168,NA,NA
USGS,bloomington,2017-05-11,A,EST,127,NA,NA
USGS,bloomington,2017-05-12,A,EST,113,NA,NA
USGS,bloomington,2017-05-13,A,EST,112,NA,NA
USGS,bloomington,2017-05-14,A,EST,122,NA,NA
USGS,bloomington,2017-05-15,A,EST,115,NA,NA
USGS,bloomington,2017-05-16,A,EST,104,NA,NA
USGS,bloomington,2017-05-17,A,EST,83,NA,NA
USGS,bloomington,2017-05-18,A,EST,74,NA,NA
USGS,bloomington,2017-05-19,A,EST,75,NA,NA
USGS,bloomington,2017-05-20,A,EST,74,NA,NA
USGS,bloomington,2017-05-21,A,EST,73,NA,NA
USGS,bloomington,2017-05-22,A,EST,73,NA,NA
USGS,bloomington,2017-05-23,A,EST,74,NA,NA
USGS,bloomington,2017-05-24,A,EST,112,NA,NA
USGS,bloomington,2017-05-25,A,EST,129,NA,NA
USGS,bloomington,2017-05-26,A,EST,108,NA,NA
USGS,bloomington,2017-05-27,A,EST,99,NA,NA
USGS,bloomington,2017-05-28,A,EST,81,NA,NA
USGS,bloomington,2017-05-29,A,EST,72,NA,NA
USGS,bloomington,2017-05-30,A,EST,72,NA,NA
USGS,bloomington,2017-05-31,A,EST,72,NA,NA
USGS,bloomington,2017-06-01,A,EST,72,NA,NA
USGS,bloomington,2017-06-02,A,EST,71,NA,NA
USGS,bloomington,2017-06-03,A,EST,71,NA,NA
USGS,bloomington,2017-06-04,A,EST,70,NA,NA
USGS,bloomington,2017-06-05,A,EST,70,NA,NA
USGS,bloomington,2017-06-06,A,EST,70,NA,NA
USGS,bloomington,2017-06-07,A,EST,70,NA,NA
USGS,bloomington,2017-06-08,A,EST,70,NA,NA
USGS,bloomington,2017-06-09,A,EST,58,NA,NA
USGS,bloomington,2017-06-10,A,EST,57,NA,NA
USGS,bloomington,2017-06-11,A,EST,57,NA,NA
USGS,bloomington,2017-06-12,A,EST,57,NA,NA
USGS,bloomington,2017-06-13,A,EST,57,NA,NA
USGS,bloomington,2017-06-14,A,EST,57,NA,NA
USGS,bloomington,2017-06-15,A,EST,57,NA,NA
USGS,bloomington,2017-06-16,A,EST,52,NA,NA
USGS,bloomington,2017-06-17,A,EST,50,NA,NA
USGS,bloomington,2017-06-18,A,EST,50,NA,NA
USGS,bloomington,2017-06-19,A,EST,50,NA,NA
USGS,bloomington,2017-06-20,A,EST,49,NA,NA
USGS,bloomington,2017-06-21,A,EST,49,NA,NA
USGS,bloomington,2017-06-22,A,EST,49,NA,NA
USGS,bloomington,2017-06-23,A,EST,49,NA,NA
USGS,bloomington,2017-06-24,A,EST,49,NA,NA
USGS,bloomington,2017-06-25,A,EST,49,NA,NA
USGS,bloomington,2017-06-26,A,EST,49,NA,NA
USGS,bloomington,2017-06-27,A,EST,49,NA,NA
USGS,bloomington,2017-06-28,A,EST,49,NA,NA
USGS,bloomington,2017-06-29,A,EST,49,NA,NA
USGS,bloomington,2017-06-30,A,EST,49,NA,NA
USGS,bloomington,2017-07-01,A,EST,49,NA,NA
USGS,bloomington,2017-07-02,A,EST,49,NA,NA
USGS,bloomington,2017-07-03,A,EST,49,NA,NA
USGS,bloomington,2017-07-04,A,EST,49,NA,NA
USGS,bloomington,2017-07-05,A,EST,49,NA,NA
USGS,bloomington,2017-07-06,A,EST,49,NA,NA
USGS,bloomington,2017-07-07,A,EST,49,NA,NA
USGS,bloomington,2017-07-08,A,EST,49,NA,NA
USGS,bloomington,2017-07-09,A,EST,44,NA,NA
USGS,bloomington,2017-07-10,A,EST,42,NA,NA
USGS,bloomington,2017-07-11,A,EST,92,NA,NA
USGS,bloomington,2017-07-12,A,EST,112,NA,NA
USGS,bloomington,2017-07-13,A,EST,76,NA,NA
USGS,bloomington,2017-07-14,A,EST,54,NA,NA
USGS,bloomington,2017-07-15,A,EST,47,NA,NA
USGS,bloomington,2017-07-16,A,EST,58,NA,NA
USGS,bloomington,2017-07-17,A,EST,62,NA,NA
USGS,bloomington,2017-07-18,A,EST,51,NA,NA
USGS,bloomington,2017-07-19,A,EST,47,NA,NA
USGS,bloomington,2017-07-20,A,EST,47,NA,NA
USGS,bloomington,2017-07-21,A,EST,47,NA,NA
USGS,bloomington,2017-07-22,A,EST,47,NA,NA
USGS,bloomington,2017-07-23,A,EST,47,NA,NA
USGS,bloomington,2017-07-24,A,EST,47,NA,NA
USGS,bloomington,2017-07-25,A,EST,47,NA,NA
USGS,bloomington,2017-07-26,A,EST,47,NA,NA
USGS,bloomington,2017-07-27,A,EST,47,NA,NA
USGS,bloomington,2017-07-28,A,EST,47,NA,NA
USGS,bloomington,2017-07-29,A,EST,47,NA,NA
USGS,bloomington,2017-07-30,A,EST,46,NA,NA
USGS,bloomington,2017-07-31,A,EST,46,NA,NA
USGS,bloomington,2017-08-01,A,EST,46,NA,NA
USGS,bloomington,2017-08-02,A,EST,46,NA,NA
USGS,bloomington,2017-08-03,A,EST,45,NA,NA
USGS,bloomington,2017-08-04,A,EST,45,NA,NA
USGS,bloomington,2017-08-05,A,EST,45,NA,NA
USGS,bloomington,2017-08-06,A,EST,45,NA,NA
USGS,bloomington,2017-08-07,A,EST,45,NA,NA
USGS,bloomington,2017-08-08,A,EST,45,NA,NA
USGS,bloomington,2017-08-09,A,EST,42,NA,NA
USGS,bloomington,2017-08-10,A,EST,41,NA,NA
USGS,bloomington,2017-08-11,A,EST,41,NA,NA
USGS,bloomington,2017-08-12,A,EST,42,NA,NA
USGS,bloomington,2017-08-13,A,EST,44,NA,NA
USGS,bloomington,2017-08-14,A,EST,44,NA,NA
USGS,bloomington,2017-08-15,A,EST,44,NA,NA
USGS,bloomington,2017-08-16,A,EST,44,NA,NA
USGS,bloomington,2017-08-17,A,EST,44,NA,NA
USGS,bloomington,2017-08-18,A,EST,43,NA,NA
USGS,bloomington,2017-08-19,A,EST,43,NA,NA
USGS,bloomington,2017-08-20,A,EST,43,NA,NA
USGS,bloomington,2017-08-21,A,EST,43,NA,NA
USGS,bloomington,2017-08-22,A,EST,43,NA,NA
USGS,bloomington,2017-08-23,A,EST,43,NA,NA
USGS,bloomington,2017-08-24,A,EST,44,NA,NA
USGS,bloomington,2017-08-25,A,EST,44,NA,NA
USGS,bloomington,2017-08-26,A,EST,44,NA,NA
USGS,bloomington,2017-08-27,A,EST,44,NA,NA
USGS,bloomington,2017-08-28,A,EST,44,NA,NA
USGS,bloomington,2017-08-29,A,EST,43,NA,NA
USGS,bloomington,2017-08-30,A,EST,43,NA,NA
USGS,bloomington,2017-08-31,A,EST,43,NA,NA
USGS,bloomington,2017-09-01,A,EST,43,NA,NA
USGS,barton,2017-05-01,A,EST,51,NA,NA
USGS,barton,2017-05-02,A,EST,45,NA,NA
USGS,barton,2017-05-03,A,EST,41,NA,NA
USGS,barton,2017-05-04,A,EST,37,NA,NA
USGS,barton,2017-05-05,A,EST,34,NA,NA
USGS,barton,2017-05-06,A,EST,32,NA,NA
USGS,barton,2017-05-07,A,EST,36,NA,NA
USGS,barton,2017-05-08,A,EST,60,NA,NA
USGS,barton,2017-05-09,A,EST,49,NA,NA
USGS,barton,2017-05-10,A,EST,42,NA,NA
USGS,barton,2017-05-11,A,EST,39,NA,NA
USGS,barton,2017-05-12,A,EST,35,NA,NA
USGS,barton,2017-05-13,A,EST,36,NA,NA
USGS,barton,2017-05-14,A,EST,56,NA,NA
USGS,barton,2017-05-15,A,EST,43,NA,NA
USGS,barton,2017-05-16,A,EST,37,NA,NA
USGS,barton,2017-05-17,A,EST,34,NA,NA
USGS,barton,2017-05-18,A,EST,32,NA,NA
USGS,barton,2017-05-19,A,EST,32,NA,NA
USGS,barton,2017-05-20,A,EST,29,NA,NA
USGS,barton,2017-05-21,A,EST,25,NA,NA
USGS,barton,2017-05-22,A,EST,30,NA,NA
USGS,barton,2017-05-23,A,EST,66,NA,NA
USGS,barton,2017-05-24,A,EST,58,NA,NA
USGS,barton,2017-05-25,A,EST,54,NA,NA
USGS,barton,2017-05-26,A,EST,46,NA,NA
USGS,barton,2017-05-27,A,EST,39,NA,NA
USGS,barton,2017-05-28,A,EST,34,NA,NA
USGS,barton,2017-05-29,A,EST,29,NA,NA
USGS,barton,2017-05-30,A,EST,24,NA,NA
USGS,barton,2017-05-31,A,EST,22,NA,NA
USGS,barton,2017-06-01,A,EST,20,NA,NA
USGS,barton,2017-06-02,A,EST,22,NA,NA
USGS,barton,2017-06-03,A,EST,24,NA,NA
USGS,barton,2017-06-04,A,EST,18,NA,NA
USGS,barton,2017-06-05,A,EST,15,NA,NA
USGS,barton,2017-06-06,A,EST,13,NA,NA
USGS,barton,2017-06-07,A,EST,12,NA,NA
USGS,barton,2017-06-08,A,EST,11,NA,NA
USGS,barton,2017-06-09,A,EST,11,NA,NA
USGS,barton,2017-06-10,A,EST,10,NA,NA
USGS,barton,2017-06-11,A,EST,9.4,NA,NA
USGS,barton,2017-06-12,A,EST,8.9,NA,NA
USGS,barton,2017-06-13,A,EST,8.5,NA,NA
USGS,barton,2017-06-14,A,EST,8.1,NA,NA
USGS,barton,2017-06-15,A,EST,7.6,NA,NA
USGS,barton,2017-06-16,A,EST,7.6,NA,NA
USGS,barton,2017-06-17,A,EST,11,NA,NA
USGS,barton,2017-06-18,A,EST,13,NA,NA
USGS,barton,2017-06-19,A,EST,10,NA,NA
USGS,barton,2017-06-20,A,EST,6.6,NA,NA
USGS,barton,2017-06-21,A,EST,5.8,NA,NA
USGS,barton,2017-06-22,A,EST,5.7,NA,NA
USGS,barton,2017-06-23,A,EST,5,NA,NA
USGS,barton,2017-06-24,A,EST,4.4,NA,NA
USGS,barton,2017-06-25,A,EST,4.2,NA,NA
USGS,barton,2017-06-26,A,EST,4,NA,NA
USGS,barton,2017-06-27,A,EST,3.6,NA,NA
USGS,barton,2017-06-28,A,EST,3.4,NA,NA
USGS,barton,2017-06-29,A,EST,4.2,NA,NA
USGS,barton,2017-06-30,A,EST,4.3,NA,NA
USGS,barton,2017-07-01,A,EST,4.3,NA,NA
USGS,barton,2017-07-02,A,EST,4.3,NA,NA
USGS,barton,2017-07-03,A,EST,4.2,NA,NA
USGS,barton,2017-07-04,A,EST,3.5,NA,NA
USGS,barton,2017-07-05,A,EST,3,NA,NA
USGS,barton,2017-07-06,A,EST,2.9,NA,NA
USGS,barton,2017-07-07,A,EST,2.2,NA,NA
USGS,barton,2017-07-08,A,EST,1.8,NA,NA
USGS,barton,2017-07-09,A,EST,1.6,NA,NA
USGS,barton,2017-07-10,A,EST,1.5,NA,NA
USGS,barton,2017-07-11,A,EST,1.7,NA,NA
USGS,barton,2017-07-12,A,EST,1.8,NA,NA
USGS,barton,2017-07-13,A,EST,1.7,NA,NA
USGS,barton,2017-07-14,A,EST,1.5,NA,NA
USGS,barton,2017-07-15,A,EST,1.5,NA,NA
USGS,barton,2017-07-16,A,EST,1.4,NA,NA
USGS,barton,2017-07-17,A,EST,1.3,NA,NA
USGS,barton,2017-07-18,A,EST,1.5,NA,NA
USGS,barton,2017-07-19,A,EST,1.5,NA,NA
USGS,barton,2017-07-20,A,EST,1.4,NA,NA
USGS,barton,2017-07-21,A,EST,1.3,NA,NA
USGS,barton,2017-07-22,A,EST,1.3,NA,NA
USGS,barton,2017-07-23,A,EST,1.3,NA,NA
USGS,barton,2017-07-24,A,EST,1.2,NA,NA
USGS,barton,2017-07-25,A,EST,1.6,NA,NA
USGS,barton,2017-07-26,A,EST,1.8,NA,NA
USGS,barton,2017-07-27,A,EST,1.6,NA,NA
USGS,barton,2017-07-28,A,EST,4.5,NA,NA
USGS,barton,2017-07-29,A,EST,14,NA,NA
USGS,barton,2017-07-30,A e,EST,6,NA,NA
USGS,barton,2017-07-31,A e,EST,1.3,NA,NA
USGS,barton,2017-08-01,A e,EST,1.5,NA,NA
USGS,barton,2017-08-02,A e,EST,1.5,NA,NA
USGS,barton,2017-08-03,A e,EST,1.4,NA,NA
USGS,barton,2017-08-04,A e,EST,1.3,NA,NA
USGS,barton,2017-08-05,A e,EST,1.2,NA,NA
USGS,barton,2017-08-06,A e,EST,1.2,NA,NA
USGS,barton,2017-08-07,A e,EST,1.3,NA,NA
USGS,barton,2017-08-08,A e,EST,1.4,NA,NA
USGS,barton,2017-08-09,A e,EST,1.9,NA,NA
USGS,barton,2017-08-10,A e,EST,1.6,NA,NA
USGS,barton,2017-08-11,A e,EST,1.4,NA,NA
USGS,barton,2017-08-12,A e,EST,1.3,NA,NA
USGS,barton,2017-08-13,A e,EST,1.2,NA,NA
USGS,barton,2017-08-14,A e,EST,1.2,NA,NA
USGS,barton,2017-08-15,A e,EST,1.1,NA,NA
USGS,barton,2017-08-16,A e,EST,1.1,NA,NA
USGS,barton,2017-08-17,A e,EST,1.1,NA,NA
USGS,barton,2017-08-18,A e,EST,1,NA,NA
USGS,barton,2017-08-19,A e,EST,1,NA,NA
USGS,barton,2017-08-20,A e,EST,1,NA,NA
USGS,barton,2017-08-21,A e,EST,1,NA,NA
USGS,barton,2017-08-22,A e,EST,1,NA,NA
USGS,barton,2017-08-23,A e,EST,1,NA,NA
USGS,barton,2017-08-24,A e,EST,1.4,NA,NA
USGS,barton,2017-08-25,A e,EST,2.4,NA,NA
USGS,barton,2017-08-26,A,EST,4.9,NA,NA
USGS,barton,2017-08-27,A,EST,4.5,NA,NA
USGS,barton,2017-08-28,A e,EST,2.2,NA,NA
USGS,barton,2017-08-29,A e,EST,1.7,NA,NA
USGS,barton,2017-08-30,A e,EST,1.5,NA,NA
USGS,barton,2017-08-31,A e,EST,1.3,NA,NA
USGS,barton,2017-09-01,A e,EST,1.2,NA,NA
USGS,seneca,2017-05-01,A,EST,54,NA,NA
USGS,seneca,2017-05-02,A,EST,52,NA,NA
USGS,seneca,2017-05-03,A,EST,52,NA,NA
USGS,seneca,2017-05-04,A,EST,52,NA,NA
USGS,seneca,2017-05-05,A,EST,51,NA,NA
USGS,seneca,2017-05-06,A,EST,51,NA,NA
USGS,seneca,2017-05-07,A,EST,51,NA,NA
USGS,seneca,2017-05-08,A,EST,191,NA,NA
USGS,seneca,2017-05-09,A,EST,84,NA,NA
USGS,seneca,2017-05-10,A,EST,70,NA,NA
USGS,seneca,2017-05-11,A,EST,63,NA,NA
USGS,seneca,2017-05-12,A,EST,58,NA,NA
USGS,seneca,2017-05-13,A,EST,56,NA,NA
USGS,seneca,2017-05-14,A,EST,53,NA,NA
USGS,seneca,2017-05-15,A,EST,42,NA,NA
USGS,seneca,2017-05-16,A,EST,40,NA,NA
USGS,seneca,2017-05-17,A,EST,40,NA,NA
USGS,seneca,2017-05-18,A,EST,40,NA,NA
USGS,seneca,2017-05-19,A,EST,40,NA,NA
USGS,seneca,2017-05-20,A,EST,37,NA,NA
USGS,seneca,2017-05-21,A,EST,36,NA,NA
USGS,seneca,2017-05-22,A,EST,37,NA,NA
USGS,seneca,2017-05-23,A,EST,65,NA,NA
USGS,seneca,2017-05-24,A,EST,123,NA,NA
USGS,seneca,2017-05-25,A,EST,97,NA,NA
USGS,seneca,2017-05-26,A,EST,53,NA,NA
USGS,seneca,2017-05-27,A,EST,45,NA,NA
USGS,seneca,2017-05-28,A,EST,42,NA,NA
USGS,seneca,2017-05-29,A,EST,40,NA,NA
USGS,seneca,2017-05-30,A,EST,38,NA,NA
USGS,seneca,2017-05-31,A,EST,36,NA,NA
USGS,seneca,2017-06-01,A,EST,34,NA,NA
USGS,seneca,2017-06-02,A,EST,34,NA,NA
USGS,seneca,2017-06-03,A,EST,32,NA,NA
USGS,seneca,2017-06-04,A,EST,31,NA,NA
USGS,seneca,2017-06-05,A,EST,32,NA,NA
USGS,seneca,2017-06-06,A,EST,32,NA,NA
USGS,seneca,2017-06-07,A,EST,30,NA,NA
USGS,seneca,2017-06-08,A,EST,29,NA,NA
USGS,seneca,2017-06-09,A,EST,28,NA,NA
USGS,seneca,2017-06-10,A,EST,27,NA,NA
USGS,seneca,2017-06-11,A,EST,26,NA,NA
USGS,seneca,2017-06-12,A,EST,25,NA,NA
USGS,seneca,2017-06-13,A,EST,26,NA,NA
USGS,seneca,2017-06-14,A,EST,74,NA,NA
USGS,seneca,2017-06-15,A,EST,116,NA,NA
USGS,seneca,2017-06-16,A,EST,43,NA,NA
USGS,seneca,2017-06-17,A,EST,36,NA,NA
USGS,seneca,2017-06-18,A,EST,46,NA,NA
USGS,seneca,2017-06-19,A,EST,33,NA,NA
USGS,seneca,2017-06-20,A,EST,66,NA,NA
USGS,seneca,2017-06-21,A,EST,63,NA,NA
USGS,seneca,2017-06-22,A,EST,42,NA,NA
USGS,seneca,2017-06-23,A,EST,35,NA,NA
USGS,seneca,2017-06-24,A,EST,31,NA,NA
USGS,seneca,2017-06-25,A,EST,28,NA,NA
USGS,seneca,2017-06-26,A,EST,28,NA,NA
USGS,seneca,2017-06-27,A,EST,27,NA,NA
USGS,seneca,2017-06-28,A,EST,34,NA,NA
USGS,seneca,2017-06-29,A,EST,64,NA,NA
USGS,seneca,2017-06-30,A,EST,34,NA,NA
USGS,seneca,2017-07-01,A,EST,29,NA,NA
USGS,seneca,2017-07-02,A,EST,36,NA,NA
USGS,seneca,2017-07-03,A,EST,88,NA,NA
USGS,seneca,2017-07-04,A,EST,37,NA,NA
USGS,seneca,2017-07-05,A,EST,27,NA,NA
USGS,seneca,2017-07-06,A,EST,23,NA,NA
USGS,seneca,2017-07-07,A,EST,20,NA,NA
USGS,seneca,2017-07-08,A,EST,20,NA,NA
USGS,seneca,2017-07-09,A,EST,19,NA,NA
USGS,seneca,2017-07-10,A,EST,18,NA,NA
USGS,seneca,2017-07-11,A,EST,18,NA,NA
USGS,seneca,2017-07-12,A,EST,18,NA,NA
USGS,seneca,2017-07-13,A,EST,20,NA,NA
USGS,seneca,2017-07-14,A,EST,20,NA,NA
USGS,seneca,2017-07-15,A,EST,20,NA,NA
USGS,seneca,2017-07-16,A,EST,50,NA,NA
USGS,seneca,2017-07-17,A,EST,20,NA,NA
USGS,seneca,2017-07-18,A,EST,17,NA,NA
USGS,seneca,2017-07-19,A,EST,16,NA,NA
USGS,seneca,2017-07-20,A,EST,15,NA,NA
USGS,seneca,2017-07-21,A,EST,16,NA,NA
USGS,seneca,2017-07-22,A,EST,18,NA,NA
USGS,seneca,2017-07-23,A,EST,17,NA,NA
USGS,seneca,2017-07-24,A,EST,15,NA,NA
USGS,seneca,2017-07-25,A,EST,16,NA,NA
USGS,seneca,2017-07-26,A,EST,36,NA,NA
USGS,seneca,2017-07-27,A,EST,21,NA,NA
USGS,seneca,2017-07-28,A,EST,18,NA,NA
USGS,seneca,2017-07-29,A,EST,20,NA,NA
USGS,seneca,2017-07-30,A,EST,19,NA,NA
USGS,seneca,2017-07-31,A,EST,18,NA,NA
USGS,seneca,2017-08-01,A,EST,17,NA,NA
USGS,seneca,2017-08-02,A,EST,16,NA,NA
USGS,seneca,2017-08-03,A,EST,15,NA,NA
USGS,seneca,2017-08-04,A,EST,15,NA,NA
USGS,seneca,2017-08-05,A,EST,15,NA,NA
USGS,seneca,2017-08-06,A,EST,15,NA,NA
USGS,seneca,2017-08-07,A,EST,14,NA,NA
USGS,seneca,2017-08-08,A,EST,15,NA,NA
USGS,seneca,2017-08-09,A,EST,16,NA,NA
USGS,seneca,2017-08-10,A,EST,16,NA,NA
USGS,seneca,2017-08-11,A,EST,16,NA,NA
USGS,seneca,2017-08-12,A,EST,15,NA,NA
USGS,seneca,2017-08-13,A,EST,15,NA,NA
USGS,seneca,2017-08-14,A,EST,18,NA,NA
USGS,seneca,2017-08-15,A,EST,36,NA,NA
USGS,seneca,2017-08-16,A,EST,17,NA,NA
USGS,seneca,2017-08-17,A,EST,15,NA,NA
USGS,seneca,2017-08-18,A,EST,14,NA,NA
USGS,seneca,2017-08-19,A,EST,13,NA,NA
USGS,seneca,2017-08-20,A,EST,73,NA,NA
USGS,seneca,2017-08-21,A,EST,30,NA,NA
USGS,seneca,2017-08-22,A,EST,36,NA,NA
USGS,seneca,2017-08-23,A,EST,23,NA,NA
USGS,seneca,2017-08-24,A,EST,210,NA,NA
USGS,seneca,2017-08-25,A,EST,168,NA,NA
USGS,seneca,2017-08-26,A,EST,184,NA,NA
USGS,seneca,2017-08-27,A,EST,73,NA,NA
USGS,seneca,2017-08-28,A,EST,42,NA,NA
USGS,seneca,2017-08-29,A,EST,30,NA,NA
USGS,seneca,2017-08-30,A,EST,26,NA,NA
USGS,seneca,2017-08-31,A,EST,23,NA,NA
USGS,seneca,2017-09-01,A,EST,23,NA,NA
USGS,shen_mill,2017-05-01,A,EST,1190,NA,NA
USGS,shen_mill,2017-05-02,A,EST,1160,NA,NA
USGS,shen_mill,2017-05-03,A,EST,1160,NA,NA
USGS,shen_mill,2017-05-04,A,EST,1190,NA,NA
USGS,shen_mill,2017-05-05,A,EST,1120,NA,NA
USGS,shen_mill,2017-05-06,A,EST,1120,NA,NA
USGS,shen_mill,2017-05-07,A,EST,1080,NA,NA
USGS,shen_mill,2017-05-08,A,EST,1180,NA,NA
USGS,shen_mill,2017-05-09,A,EST,1240,NA,NA
USGS,shen_mill,2017-05-10,A,EST,1360,NA,NA
USGS,shen_mill,2017-05-11,A,EST,1700,NA,NA
USGS,shen_mill,2017-05-12,A,EST,1920,NA,NA
USGS,shen_mill,2017-05-13,A,EST,1640,NA,NA
USGS,shen_mill,2017-05-14,A,EST,1500,NA,NA
USGS,shen_mill,2017-05-15,A,EST,1360,NA,NA
USGS,shen_mill,2017-05-16,A,EST,1370,NA,NA
USGS,shen_mill,2017-05-17,A,EST,1600,NA,NA
USGS,shen_mill,2017-05-18,A,EST,1820,NA,NA
USGS,shen_mill,2017-05-19,A,EST,1740,NA,NA
USGS,shen_mill,2017-05-20,A,EST,1590,NA,NA
USGS,shen_mill,2017-05-21,A,EST,1440,NA,NA
USGS,shen_mill,2017-05-22,A,EST,1370,NA,NA
USGS,shen_mill,2017-05-23,A,EST,1320,NA,NA
USGS,shen_mill,2017-05-24,A,EST,1410,NA,NA
USGS,shen_mill,2017-05-25,A,EST,1420,NA,NA
USGS,shen_mill,2017-05-26,A,EST,1420,NA,NA
USGS,shen_mill,2017-05-27,A,EST,1360,NA,NA
USGS,shen_mill,2017-05-28,A,EST,1240,NA,NA
USGS,shen_mill,2017-05-29,A,EST,1120,NA,NA
USGS,shen_mill,2017-05-30,A,EST,1040,NA,NA
USGS,shen_mill,2017-05-31,A,EST,1020,NA,NA
USGS,shen_mill,2017-06-01,A,EST,1020,NA,NA
USGS,shen_mill,2017-06-02,A,EST,990,NA,NA
USGS,shen_mill,2017-06-03,A,EST,940,NA,NA
USGS,shen_mill,2017-06-04,A,EST,939,NA,NA
USGS,shen_mill,2017-06-05,A,EST,852,NA,NA
USGS,shen_mill,2017-06-06,A,EST,844,NA,NA
USGS,shen_mill,2017-06-07,A,EST,821,NA,NA
USGS,shen_mill,2017-06-08,A,EST,824,NA,NA
USGS,shen_mill,2017-06-09,A,EST,860,NA,NA
USGS,shen_mill,2017-06-10,A,EST,799,NA,NA
USGS,shen_mill,2017-06-11,A,EST,729,NA,NA
USGS,shen_mill,2017-06-12,A,EST,658,NA,NA
USGS,shen_mill,2017-06-13,A,EST,620,NA,NA
USGS,shen_mill,2017-06-14,A,EST,629,NA,NA
USGS,shen_mill,2017-06-15,A,EST,609,NA,NA
USGS,shen_mill,2017-06-16,A,EST,559,NA,NA
USGS,shen_mill,2017-06-17,A,EST,545,NA,NA
USGS,shen_mill,2017-06-18,A,EST,550,NA,NA
USGS,shen_mill,2017-06-19,A,EST,551,NA,NA
USGS,shen_mill,2017-06-20,A,EST,539,NA,NA
USGS,shen_mill,2017-06-21,A,EST,516,NA,NA
USGS,shen_mill,2017-06-22,A,EST,477,NA,NA
USGS,shen_mill,2017-06-23,A,EST,463,NA,NA
USGS,shen_mill,2017-06-24,A,EST,422,NA,NA
USGS,shen_mill,2017-06-25,A,EST,361,NA,NA
USGS,shen_mill,2017-06-26,A,EST,362,NA,NA
USGS,shen_mill,2017-06-27,A,EST,345,NA,NA
USGS,shen_mill,2017-06-28,A,EST,498,NA,NA
USGS,shen_mill,2017-06-29,A,EST,487,NA,NA
USGS,shen_mill,2017-06-30,A,EST,478,NA,NA
USGS,shen_mill,2017-07-01,A,EST,463,NA,NA
USGS,shen_mill,2017-07-02,A,EST,448,NA,NA
USGS,shen_mill,2017-07-03,A,EST,479,NA,NA
USGS,shen_mill,2017-07-04,A,EST,481,NA,NA
USGS,shen_mill,2017-07-05,A,EST,519,NA,NA
USGS,shen_mill,2017-07-06,A,EST,511,NA,NA
USGS,shen_mill,2017-07-07,A,EST,469,NA,NA
USGS,shen_mill,2017-07-08,A,EST,433,NA,NA
USGS,shen_mill,2017-07-09,A,EST,405,NA,NA
USGS,shen_mill,2017-07-10,A,EST,376,NA,NA
USGS,shen_mill,2017-07-11,A,EST,378,NA,NA
USGS,shen_mill,2017-07-12,A,EST,340,NA,NA
USGS,shen_mill,2017-07-13,A,EST,397,NA,NA
USGS,shen_mill,2017-07-14,A,EST,412,NA,NA
USGS,shen_mill,2017-07-15,A,EST,410,NA,NA
USGS,shen_mill,2017-07-16,A,EST,411,NA,NA
USGS,shen_mill,2017-07-17,A,EST,399,NA,NA
USGS,shen_mill,2017-07-18,A,EST,394,NA,NA
USGS,shen_mill,2017-07-19,A,EST,448,NA,NA
USGS,shen_mill,2017-07-20,A,EST,424,NA,NA
USGS,shen_mill,2017-07-21,A,EST,410,NA,NA
USGS,shen_mill,2017-07-22,A,EST,380,NA,NA
USGS,shen_mill,2017-07-23,A,EST,386,NA,NA
USGS,shen_mill,2017-07-24,A,EST,389,NA,NA
USGS,shen_mill,2017-07-25,A,EST,844,NA,NA
USGS,shen_mill,2017-07-26,A,EST,527,NA,NA
USGS,shen_mill,2017-07-27,A,EST,385,NA,NA
USGS,shen_mill,2017-07-28,A,EST,382,NA,NA
USGS,shen_mill,2017-07-29,A,EST,460,NA,NA
USGS,shen_mill,2017-07-30,A,EST,454,NA,NA
USGS,shen_mill,2017-07-31,A,EST,447,NA,NA
USGS,shen_mill,2017-08-01,A,EST,493,NA,NA
USGS,shen_mill,2017-08-02,A,EST,435,NA,NA
USGS,shen_mill,2017-08-03,A,EST,418,NA,NA
USGS,shen_mill,2017-08-04,A,EST,448,NA,NA
USGS,shen_mill,2017-08-05,A,EST,410,NA,NA
USGS,shen_mill,2017-08-06,A,EST,389,NA,NA
USGS,shen_mill,2017-08-07,A,EST,378,NA,NA
USGS,shen_mill,2017-08-08,A,EST,379,NA,NA
USGS,shen_mill,2017-08-09,A,EST,328,NA,NA
USGS,shen_mill,2017-08-10,A,EST,295,NA,NA
USGS,shen_mill,2017-08-11,A,EST,248,NA,NA
USGS,shen_mill,2017-08-12,A,EST,253,NA,NA
USGS,shen_mill,2017-08-13,A,EST,251,NA,NA
USGS,shen_mill,2017-08-14,A,EST,269,NA,NA
USGS,shen_mill,2017-08-15,A,EST,280,NA,NA
USGS,shen_mill,2017-08-16,A,EST,337,NA,NA
USGS,shen_mill,2017-08-17,A,EST,353,NA,NA
USGS,shen_mill,2017-08-18,A,EST,299,NA,NA
USGS,shen_mill,2017-08-19,A,EST,294,NA,NA
USGS,shen_mill,2017-08-20,A,EST,397,NA,NA
USGS,shen_mill,2017-08-21,A,EST,393,NA,NA
USGS,shen_mill,2017-08-22,A,EST,330,NA,NA
USGS,shen_mill,2017-08-23,A,EST,372,NA,NA
USGS,shen_mill,2017-08-24,A,EST,378,NA,NA
USGS,shen_mill,2017-08-25,A,EST,408,NA,NA
USGS,shen_mill,2017-08-26,A,EST,628,NA,NA
USGS,shen_mill,2017-08-27,A,EST,649,NA,NA
USGS,shen_mill,2017-08-28,A,EST,556,NA,NA
USGS,shen_mill,2017-08-29,A,EST,466,NA,NA
USGS,shen_mill,2017-08-30,A,EST,478,NA,NA
USGS,shen_mill,2017-08-31,A,EST,532,NA,NA
USGS,shen_mill,2017-09-01,A,EST,483,NA,NA
